"","condition","participant_id","wave","surveyed_after_yoga_session","sex","age","z_self_centrality","z_better_than_average","z_exp_better_than_average","z_communal_narcissism","z_self_esteem","z_g_factor","z_g_factor_well_being","z_grouped_self_centrality","z_grouped_g_factor","z_grouped_g_factor_well_being","z_grouped_communal_narcissism","z_grouped_self_esteem","z_grouped_better_than_average"
"1",1,"56",2,1,NA,"",0.155585903485249,0.626591035026271,0.0821880123446223,NA,0.566426771576561,0.640558980467466,0.63897604069548,NA,NA,NA,NA,NA,NA
"2",1,"31",4,1,NA,"",0.218341557854944,-1.558280552094,0.397355266294248,0.0919887543521657,-0.754523208930287,-0.813625609182209,-1.43661748646403,0.188266963109084,0.0407865712623742,-0.350095445834303,0.329875346078584,0.0206398434454195,-0.439159189011174
"3",0,"56",9,0,NA,"",NA,NA,NA,NA,NA,NA,NA,NA,NA,NA,NA,NA,NA
"4",0,"65",9,0,NA,"",NA,NA,NA,NA,NA,NA,NA,NA,NA,NA,NA,NA,NA
"5",1,"133",9,1,NA,"",0.866816653008457,NA,NA,NA,NA,NA,NA,-0.407911753403016,NA,NA,NA,NA,NA
"6",1,"63",10,1,NA,"",NA,NA,NA,NA,NA,NA,NA,NA,NA,NA,NA,NA,NA
"7",1,"112",10,1,NA,"",NA,NA,NA,NA,NA,NA,NA,NA,NA,NA,NA,NA,NA
"8",1,"121",10,1,NA,"",1.22243202777006,NA,NA,NA,0.896664266703272,0.816629820735181,NA,0.613610842725904,NA,NA,NA,NA,NA
"9",0,"116",11,0,NA,"",1.57804740253166,0.469280280753612,1.53983656186164,1.17381597627448,-0.314206548761338,0.356621550000673,0.683104645438883,0.0941334815545423,0.112266166828699,-0.321826847147629,0.721218147948208,-0.082559373781678,-0.48941123551494
"10",1,"56",12,1,NA,"",-0.241866574189484,0.504238226147536,-0.114791521373893,-0.00635917491349901,0.126110111407611,0.199645966891233,0.487988808397984,NA,NA,NA,NA,NA,NA
"11",1,"48",10,1,1,"67",-0.137273816906659,NA,-0.587542402298331,-2.25197022647951,0.786585101661035,-0.37651496804013,-1.04213557852222,0.193496600973225,-0.241759202384878,-0.321279942245631,-0.692533335245723,0.0687994781513983,NA
"12",1,"5",6,1,1,"23",-2.37555882275911,-1.40096979782134,0.0427921056009192,-0.121098425723441,0.0710705288864927,-0.31533198233344,-1.32955316814913,-1.05057613981859,0.0560190014819767,-0.413965652569457,0.329647688834913,0.067270600859145,-0.506890208211902
"13",0,"48",6,0,1,"67",-1.07860863245208,NA,-0.666334215785738,-0.530881464330378,0.676505936618798,0.268088102217663,-0.243688384775683,-0.747838214572196,0.402843867872915,0.477167251500908,1.02855542690341,-0.0412796868908391,NA
"14",1,"48",4,1,1,"67",-0.325540780015744,NA,-0.745126029273144,-1.28488225536714,0.731545519139917,-0.00941064542799998,-0.593484298226548,0.00522963786414127,0.125345120227252,0.127371338050043,0.274554635866647,0.0137598956302797,NA
"15",1,"5",10,1,1,"23",-1.2459570441046,-0.719289862639814,0.200375732575732,0.0755974328078883,-0.479325296324694,-0.447107870115326,-0.649163474824432,0.0790256388359121,-0.075756886299909,0.266424040755238,0.526343547366243,-0.483125224352042,0.174789726969621
"16",0,"48",9,0,1,"67",0.218341557854944,NA,-0.745126029273144,-2.17001361875812,0.676505936618798,-0.421185551370542,-1.00411428358191,0.549111975734829,-0.28642978571529,-0.28325864730532,-0.610576727524335,-0.0412796868908391,NA
"17",1,"38",4,1,1,"19",-1.01585297808239,-0.00265198206436628,-0.902709656247957,-1.62910000779697,-0.424285713803575,-0.905246128325816,-0.303258640212515,-1.11391286506208,-0.514658403178353,-0.297747868058679,-0.475348324784046,-0.42655676453867,-0.218487158712027
"18",0,"5",5,0,1,"23",-1.16228283827834,-0.859121644215512,-0.1935833348613,-0.907881859848759,0.236189276449849,-0.386478428327429,-0.970982388974773,0.162699844662172,-0.0151274445120119,-0.0553948733951032,-0.457135745290405,0.232389348422501,0.0349579453939243
"19",1,"44",3,1,1,"22",-2.37555882275911,-0.824163698821587,0.594334800012763,0.272293291339218,-1.80027527683154,-1.26656541406929,-0.709981427816801,-0.34166967379056,-0.0311515739868238,0.503640203090745,0.191232084683237,-0.330237495126712,0.495237559747261
"20",1,"62",2,1,1,"29",-0.137273816906659,0.958691516268552,1.81560790906756,1.59999033642569,-0.424285713803575,0.560047681488463,1.22665493615541,-0.836742058262597,0.0283469111890565,0.0399087654595651,0.519058515568786,-0.238504857591514,-0.0640895665555279
"21",1,"15",4,1,1,"20",-1.87351358780155,-1.40096979782134,0.594334800012763,0.124771397440721,-0.259166966240219,-0.438313571467693,-1.28204100167008,-0.495072384472036,0.630300188970996,-0.0861590972807433,0.349681526277919,0.80724721030974,-0.16313707850498
"22",0,"5",11,0,1,"23",-1.20411994119147,-0.614416026458041,-0.272375148348706,-0.776751287494539,-0.259166966240219,-0.606876144821641,-0.715044632442861,0.120862741749042,-0.235525161006224,0.200542883136809,-0.326005172936185,-0.262966894267567,0.279663563151394
"23",0,"145",12,0,1,"50",0.678549689899372,0.311969526480952,0.712522520243873,1.61638165796997,-0.259166966240219,0.527851140437575,0.620385015837759,0,0.080691774506983,-0.0776041968737745,-0.188500197759191,0.247678121345034,-0.0436974317424054
"24",0,"44",4,0,1,"22",-2.66841854315101,-1.64567541557881,-0.508750588810925,0.665685008401877,-1.41499819918371,-1.04788784952513,-1.40811216982592,-0.634529394182469,0.187525990557344,-0.194490538918376,0.584623801745896,0.0550395825211187,-0.32627415700996
"25",1,"136",12,1,1,"35",-2.29188461693285,-1.20870109815475,-0.82391784276055,-0.907881859848759,-2.35067110204273,-2.17277477350179,-1.30040800956013,0.0104592757282824,0.173659590526136,-0.224265953753196,0.672044183315376,0,-0.375797912984686
"26",1,"41",2,1,1,"67",-0.283703677102614,1.79768220572273,0.55493889326906,1.04268540392026,1.61217883947782,1.87976164978248,1.9095821815411,-0.366074650489886,0.457608453224479,0.575860943821464,0.0819566077213872,0.440316660168949,0.594285071696713
"27",0,"62",3,0,1,"29",1.30610623359632,0.888775625480703,1.42164884163053,0.796815580756096,-0.314206548761338,0.306782461160207,1.00556340154011,0.606637992240383,-0.2249183091392,-0.181182769155734,-0.284116240100809,-0.128425692549277,-0.134005457343377
"28",0,"21",4,0,1,"18",-0.325540780015744,-0.107525818246139,0.751918426987576,1.04268540392026,1.11682259678775,1.11857787674807,0.114212549350877,0.146429860195954,0.262266537376224,0.0747536652099637,0.13113057235422,0.302717703866153,0.0524369180908865
"29",1,"136",10,1,1,"35",-1.41330545575712,-0.92903753500336,-0.902709656247957,-1.05540375374726,-1.91035444187378,-1.87545616622084,-1.06537481297928,0.889038436904009,0.470978197807085,0.0107672428276635,0.524522289416879,0.440316660168949,-0.0961343498332918
"30",0,"142",11,0,1,"19",0.218341557854944,-0.894079589609436,0.436751173037951,-1.20292564764575,-2.62586901464832,-2.39645047267534,-1.06093955080817,-0.097619906797303,-0.273061677167506,-0.417483089059323,-0.114739250809942,-0.201811802577435,-0.419495344727091
"31",0,"44",2,0,1,"21",-1.05769008099552,-1.48836466130615,-1.13908509671018,-0.694794679773152,-1.19483986909924,-1.39178825665299,-1.52277129507991,0.976199067973029,-0.156374416570521,-0.309149664172368,-0.775855886429133,0.275197912605593,-0.168963402737301
"32",0,"95",9,0,1,"18",0.385689969507463,-1.73307027906362,0.830710240474982,-1.03901243220298,-2.62586901464832,-2.52448717027952,-1.81988626256034,0.962253367001986,-1.19326929721924,-0.630551272185623,-0.677507957163468,-1.22921734297165,-0.530195505141185
"33",0,"136",9,0,1,"35",-1.58065386740964,-0.0201309547613284,-0.390562868579816,-1.28488225536714,-2.29563151952161,-2.01095347065513,-0.253212888171114,0.72169002525149,0.33548089337279,0.822929167635825,0.295043787796994,0.0550395825211187,0.81277223040874
"34",1,"145",11,1,1,"50",0.678549689899372,0.399364389965763,1.14587749442461,1.99338205348835,-0.754523208930287,0.366467591423609,0.775593409585308,0,-0.080691774506983,0.0776041968737744,0.188500197759191,-0.247678121345034,0.0436974317424054
"35",1,"148",11,1,1,"78",-1.12044573536521,-0.806684726124625,-0.232979241605003,-1.69466529397408,0.0710705288864927,-0.787073978774026,-1.07360747861993,0,0,0,0,0,0
"36",0,"5",9,0,1,"24",-1.6015724188662,-0.998953425791209,-0.705730122529441,-0.71118600131743,-0.0390086361557446,-0.524007597478458,-1.06474290402568,-0.276589735925692,-0.152656613663041,-0.149155388446009,-0.260439886759075,-0.0428085641830923,-0.104873836181773
"37",1,"115",12,1,1,"68",-0.0535996110803998,0.154658772208293,-0.114791521373893,-1.69466529397408,-0.754523208930287,-1.11254353774977,-0.167687022010182,0.470667407772711,-0.197797196235492,0.183403705656824,-0.499935307100462,-0.110079165042237,0.297142535848356
"38",1,"15",2,1,1,"20",-1.12044573536521,-1.22618007085172,-0.0753956146301903,-0.301402962710493,-0.919641956493643,-0.998647632896128,-1.19968261327442,0.257995467964301,0.0699661275425604,-0.00380070888508088,-0.0764928338732948,0.146772220056316,0.0116526484646415
"39",1,"103",10,1,1,"",-1.05769008099552,NA,NA,NA,0.0710705288864927,0.0696079690784945,NA,-0.669393646610077,0.722778874246592,NA,NA,0.220158330084475,NA
"40",1,"123",12,1,1,"30",-0.869423117886432,-1.94281795142716,-0.863313749504254,-1.1701430045572,-1.6901961117893,-2.00563528632452,-2.04288145703371,0.0139457009710433,-0.240000282796887,-0.234398643294834,-0.0764928338732949,-0.238504857591514,-0.233052969292828
"41",0,"72",9,0,1,"20",-0.220948022732919,-1.10382726197298,-0.429958775323519,0.764032937667541,-1.19483986909924,-0.741151518063164,-0.878497591326993,0.470667407772711,-0.186360067274739,-0.0313588231759012,0.00819566077213874,-0.275197912605593,-0.0349579453939242
"42",1,"142",10,1,1,"19",0.364771418050899,-0.387189381397534,0.830710240474982,-1.54714340007558,-2.73594817969056,-2.48633353608142,-0.649789434030063,0.0488099533986515,-0.362944740573585,-0.00633297228121799,-0.458957003239769,-0.311890967619672,0.0873948634848107
"43",0,"136",11,0,1,"35",-3.92353163054491,-1.17374315276083,-0.82391784276055,-3.07153630369338,-2.8460273447328,-3.32655304573393,-1.68557251251723,-1.62118773788378,-0.980118681706011,-0.609430456710292,-1.49161026052925,-0.495356242690068,-0.340839967590762
"44",0,"17",4,0,1,"20",-1.64340952177933,-0.824163698821587,-0.82391784276055,-0.58005542896321,-0.589404461366931,-0.796656680969941,-0.874690271610838,-0.564800889327253,-0.329660239727342,-0.349379342232037,-0.401587377834798,-0.165118747563356,-0.288403049499875
"45",0,"103",11,0,1,"57",-0.660237603320782,NA,NA,-3.05514498214911,-0.589404461366931,-1.70343738342114,-1.41474426893727,-0.271941168935344,-1.05026647825304,NA,NA,-0.440316660168949,NA
"46",1,"123",10,1,1,"30",-1.89443213925811,-2.0651707603059,-1.21787691019758,-1.05540375374726,-0.589404461366931,-1.26304468266298,-2.1360080798817,-1.01106332040064,0.502590320864654,-0.327525266142821,0.0382464169366474,0.862286792830859,-0.355405778171564
"47",1,"35",9,1,1,"25",-3.96536873345804,-2.46718713233603,-0.429958775323519,0.403423863693437,0.786585101661035,0.116018516357909,-2.23294202244584,-2.36379631459184,0.42572097704084,-0.610999554860288,NA,0.660474990253424,-0.72974711009817
"48",1,"103",12,1,1,"57",0.553038381159983,NA,NA,-0.907881859848759,0.0710705288864927,-0.32568330116165,-0.418586341501116,0.941334815545421,0.327487604006447,NA,NA,0.220158330084475,NA
"49",0,"34",3,0,1,"21",-0.137273816906659,-1.0513903438821,-0.94210556299166,-0.317794284254771,-0.809562791451406,-0.892499860869458,-1.038137280747,-0.434059942723722,-0.786145017084435,-0.863156036092287,-0.524522289416879,-0.605435407732305,-0.808402487234499
"50",0,"34",5,0,1,"21",0.783142447182197,0.032305963329558,-0.745126029273144,0.583728400680489,-0.314206548761338,0.029276034284408,0.157293420157463,0.486356321365134,0.135630878069432,0.332274664812181,0.377000395518381,-0.110079165042237,0.275293819977154
"51",1,"5",8,1,1,"23",-1.6643280732359,-1.38349082512438,-1.25727281694129,-0.366968248887603,-0.0940482186768633,-0.515159348336513,-1.36059405359891,-0.339345390295386,-0.143808364521097,-0.445006538019238,0.0837778656707515,-0.097848146704211,-0.48941123551494
"52",0,"143",11,0,5,"67",-0.827586014973302,-0.579458081064117,-1.57244007089091,0.0100321466307784,0.236189276449849,0.0315083208809032,-0.530063137651367,0.0104592757282824,0.215007258315879,0.445990388946753,0.262261144708439,0.0275197912605593,0.419495344727092
"53",1,"137",12,1,1,"58",0.615794035529678,0.731464871208044,-0.705730122529441,-1.77662190169546,1.00674343174551,0.14927670651268,0.360027863129315,-0.0836742058262596,0.323081677561579,0.211803704135999,0.0163913215442775,0.40362360515487,0.221400320828187
"54",1,"38",2,1,1,"19",1.1387578219438,0.154658772208293,-1.02089737647907,-0.547272785874655,-0.424285713803575,-0.451901826414566,0.0540364215587142,1.0406979349641,-0.0613141012671035,0.0595471937125495,0.606478897138266,-0.42655676453867,-0.0611764044393675
"55",0,"5",3,0,1,"23",-0.492889191668263,-0.981474453094247,-0.0753956146301903,0.272293291339218,0.566426771576561,0.258917530091781,-0.858222957080214,0.832093491272249,0.630268513907198,0.0573645584994558,0.723039405897572,0.562626843549213,-0.0873948634848107
"56",0,"15",3,0,1,"20",-1.14136428682178,-1.08634828927602,-0.705730122529441,-0.498098821241823,-2.02043360691602,-1.76888007695224,-1.10592209822351,0.237076916507736,-0.700266316513556,0.0899598061658244,-0.273188692404624,-0.954019430366057,0.151484430040339
"57",1,"137",10,1,1,"58",0.971409410291281,0.53919617154146,0.436751173037951,-2.21918758339096,0.511387189055442,-0.392141112495433,0.0933218721450782,0.271941168935344,-0.218336141446534,-0.0549022868482383,-0.426174360151214,-0.0917326375351978,0.0291316211616036
"58",1,"62",4,1,1,"29",0.929572307378151,1.22087610672298,1.1064815876809,0.845989545388929,0.18114969392873,0.72827216824955,1.32802017439201,0.230104066022214,0.196571397950143,0.141274003696169,-0.234942275467977,0.366930550140791,0.198095023898904
"59",1,"104",10,1,1,"34",0.553038381159983,-0.946516507700322,-0.232979241605003,-0.498098821241823,-0.809562791451406,-0.938168052391987,-0.974151849989365,0.125511308739389,-0.476833385065262,-0.679755801121776,-0.278652466252717,-0.330237495126712,-0.664200962484562
"60",1,"118",10,1,1,"55",-0.722993257690477,-0.43962629948842,-0.272375148348706,0.862380866933206,0.676505936618798,0.682795328568095,-0.233584045623186,-0.488099533986515,0.25630547419272,-0.274735953304311,0.737609469492485,0.110079165042237,-0.442800641656374
"61",1,"4",2,1,1,"22",-3.35873074121766,-1.87290206063932,0.515542986525357,0.141162718984998,0.621466354097679,0.0413781825215964,-1.72359811169505,-0.585719440783818,0.146031355189593,-0.175166081892868,0.0737609469492485,0.247678121345034,-0.201008186015065
"62",1,"61",3,1,1,"64",0.009156043289295,-1.26113801624564,-0.94210556299166,0.239510648250663,0.786585101661035,0.327744951924257,-1.12809840907904,0.411398178645777,-0.112205501715163,0.0456118120365085,0.207623406227514,-0.293544440112633,0.00582632423232066
"63",1,"50",10,1,1,"18",0.218341557854944,-0.422147326791458,-0.745126029273144,0.665685008401877,0.566426771576561,0.5382546667004,-0.255122497777157,-0.418371029131298,0.285392081548019,0.0191638354546798,-0.0286848127024856,0.440316660168949,0.0262184590454432
"64",0,"101",10,0,1,"30",-1.72708372760559,-0.090046845549177,1.1064815876809,-1.18653432610148,-1.58011694674707,-1.51690585504222,-0.300093145696567,-0.271941168935344,0.0155348421788348,-0.265757135929182,-0.139326233126359,0.192638538823915,-0.253445104105951
"65",1,"5",2,1,1,"23",-1.12044573536521,-0.0201309547613284,-0.429958775323519,-0.760359965950262,0.0710705288864927,-0.24719027346319,-0.151853599682476,0.204536947575301,0.124160710352227,0.763733915897194,-0.309613851391907,0.067270600859145,0.873948634848107
"66",1,"21",3,1,1,"18",-0.618400500407652,-0.212399654427912,-0.82391784276055,0.780424259211819,0.511387189055442,0.594044801995618,-0.0352947810690505,-0.146429860195954,-0.262266537376224,-0.0747536652099637,-0.13113057235422,-0.302717703866153,-0.0524369180908864
"67",1,"106",9,1,1,"56",0.511201278246853,-0.125004790943101,-0.272375148348706,-0.235837676533383,-0.919641956493643,-0.722276766200159,-0.149321997369446,-0.230104066022214,-0.229416065479636,0.232975030170697,-0.307337278955202,-0.275197912605593,0.310251765371078
"68",0,"78",10,0,1,"20",-0.743911809147042,-0.789205753427663,0.0427921056009192,0.550945757591934,-0.424285713803575,-0.243301325187465,-0.623191743748676,-0.376533926218169,-0.302939800891636,-0.248968908798454,-0.180304536987052,-0.275197912605593,-0.227226645060508
"69",0,"61",4,0,1,"64",-1.07860863245208,-1.38349082512438,-0.745126029273144,-0.350576927343326,1.22690176182998,0.36261721354471,-1.35742657583364,-0.676366497095599,-0.0773332400947094,-0.183716354718086,-0.382464169366474,0.146772220056316,-0.116526484646414
"70",0,"41",5,0,1,"67",0.448445623877158,0.609112062329309,0.830710240474982,0.878772188477484,0.731545519139917,0.964544743333519,0.757860293898169,0.366074650489886,-0.457608453224479,-0.575860943821464,-0.0819566077213872,-0.440316660168949,-0.594285071696713
"71",1,"118",12,1,1,"56",-0.262785125646049,-0.369710408700571,-0.626938309042035,-0.203055033444828,0.346268441492086,0.0697215857136956,-0.37358497624866,-0.0278914019420866,-0.356768268661679,-0.414736883929785,-0.327826430885549,-0.220158330084475,-0.372884750868526
"72",1,"142",12,1,1,"19",0.364771418050899,-0.142483763640063,0.515542986525357,-0.5144901427861,-1.91035444187378,-1.48738237776674,-0.219640400408303,0.0488099533986515,0.636006417741091,0.423816061340542,0.573696254049711,0.513702770197108,0.332100481242281
"73",1,"143",12,1,1,"67",-0.848504566429867,-1.4184487705183,-1.29666872368499,-0.5144901427861,0.18114969392873,-0.398506195750854,-1.42204391554487,-0.0104592757282825,-0.215007258315879,-0.445990388946753,-0.262261144708439,-0.0275197912605593,-0.419495344727091
"74",0,"55",3,0,1,"25",-0.534726294581393,-0.614416026458041,-1.25727281694129,-0.0555331395463314,-2.46075026708497,-1.78097654504905,-0.575675610770983,-0.0313778271848474,-0.640911381535403,-0.549727764820996,-0.266358975094509,-0.632955198992865,-0.528738924083105
"75",1,"11",9,1,1,"20",-0.0745181625369647,1.1684391886321,0.909502053962389,0.944337474654593,0.566426771576561,1.00844222231,1.29761119789583,-0.514596365831497,0.105571792246728,0.0962925140137993,0.242591558855306,0,0.0524369180908866
"76",0,"61",2,0,1,"64",-0.137273816906659,-1.15626418006387,-0.587542402298331,0.206728005162108,1.22690176182998,0.629489195449292,-1.03560567843397,0.264968318449822,0.189538741809873,0.138104542681577,0.17484076313896,0.146772220056316,0.110700160414094
"77",1,"1",8,1,1,"25",-0.0326810596238348,0.207095690299179,0.67312661350017,0.550945757591934,0.126110111407611,0.346961180278428,0.315671274919604,-0.345156099033321,-0.242061509390444,0.588534325568858,-0.598283236366127,-0.275197912605593,0.747226082795132
"78",1,"87",12,1,1,"19z",-1.20411994119147,-0.159962736337026,-0.587542402298331,-0.743968644405984,-0.479325296324694,-0.635851310481654,-0.280456370151351,-0.80885065632051,-0.257000868113761,-0.596975479007275,-0.617406444834451,0.146772220056316,-0.506890208211902
"79",1,"17",3,1,1,"20",-0.513807743124828,-0.247357599821836,-0.114791521373893,0.223119326706385,-0.259166966240219,-0.137336201515257,-0.175931587146765,0.564800889327253,0.329660239727342,0.349379342232037,0.401587377834798,0.165118747563356,0.288403049499875
"80",1,"87",10,1,1,"19",0.699468241355937,1.11600227054121,0.121583919088325,0.600119722224767,0.896664266703272,1.08151565537833,1.18168032173735,1.0947375262269,1.46036609774622,0.86516121288143,0.726681921796301,1.52276178308428,0.769074798666334
"81",1,"100",11,1,1,"45",-0.471970640211698,0.399364389965763,-1.21787691019758,-0.432533535064713,0.016030946365374,-0.0613470591302834,0.306806700325357,0.0627556543696948,0.0369980557157023,-0.0700044318113809,0.31963077011341,-0.082559373781678,-0.139831781575697
"82",1,"34",2,1,1,"21",0.615794035529678,0.137179799511331,-0.981501469735363,-0.104707104179164,0.291228858970967,0.186935143299735,0.123087040191734,0.319007909712615,0.293289987084759,0.298068284846452,-0.311435109341272,0.495356242690068,0.380167656158927
"83",0,"38",3,0,1,"19",0.0300745947458599,0.469280280753612,-0.587542402298331,-1.23570829073431,0.18114969392873,-0.246420009992284,0.217485413944202,-0.067985292233836,0.144167715155178,0.222996186098038,-0.0819566077213871,0.178878643193636,0.253445104105951
"84",1,"4",4,1,1,"22",-2.18729185965002,-1.47088568860919,0.397355266294248,-0.00635917491349901,0.126110111407611,-0.25068452785759,-1.37326594790931,0.585719440783818,-0.146031355189593,0.175166081892868,-0.0737609469492485,-0.247678121345034,0.201008186015065
"85",1,"58",6,1,1,"63",-1.64340952177933,-1.08634828927602,-0.666334215785738,-0.71118600131743,-0.919641956493643,-1.12490115801726,-1.14709930917202,-0.550855188356209,-0.228639882370881,-0.00168971812467511,0.0764928338732948,-0.385277077647831,-0.0174789726969622
"86",0,"88",10,0,1,"18",0.720386792812502,0.0148269906325959,0.003396198857216,-0.547272785874655,-0.369246131282457,-0.44747316682425,-0.0777338266754305,-0.209185514565649,-0.329630241133957,-0.170095935894182,-0.368804734746243,-0.247678121345034,-0.104873836181773
"87",1,"129",10,1,1,"25",-0.0954367139935296,-0.963995480397284,0.003396198857216,-0.465316178153268,-0.479325296324694,-0.71163966443479,-0.984288175488093,-0.251022617478779,-0.289336245937578,-0.845102503617375,-0.196695858531329,-0.0275197912605593,-0.856469662151145
"88",0,"139",10,0,1,"65",1.34794333650945,0.591633089632347,1.30346112139942,0.272293291339218,0.236189276449849,0.399725048474227,0.624192335553913,0.0697285048552163,-0.216550346564584,-0.0996715536132851,-0.17484076313896,-0.201811802577435,-0.0699158907878485
"89",1,"31",12,1,1,"24",0.448445623877158,-0.334752463306647,1.18527340116831,0.747641616123264,0.401308024013205,0.480876467213594,-0.156928703804467,0.418371029131298,1.33528864765818,0.92959333682526,0.985528207849682,1.17647107638891,0.784368899776176
"90",0,"139",12,0,1,"65",1.07600216757411,0.277011581087028,0.55493889326906,0.698467651490432,0.676505936618798,0.782935446851549,0.410063698924106,-0.202212664080128,0.166660051812738,-0.313800190243092,0.251333597012254,0.238504857591514,-0.384537399333167
"91",1,"19",4,1,1,"19",-0.0745181625369647,-0.701810889942852,-0.745126029273144,-0.875099216760204,1.77729758704117,0.678732435424519,-0.816405904180821,-0.287630082527768,0.269472342502639,0.0286702352491335,-0.831859568372081,0.82559373781678,0.201008186015065
"92",1,"91",9,1,1,"18",-0.492889191668263,-0.0725678728522149,1.0276897741935,-0.629229393596042,-0.314206548761338,-0.462715896394016,-0.175927620648121,-0.251022617478779,-0.122771730663727,-0.141270698280632,-0.475348324784046,0.110079165042237,-0.0524369180908864
"93",0,"118",9,0,1,"55",0.281097212224639,0.818859734692855,-0.508750588810925,-0.285011641166216,0.676505936618798,0.526952648844333,0.73062474491522,0.515990935928601,0.100462794468959,0.689472837234095,-0.409783038606936,0.110079165042237,0.8156853925249
"94",1,"99",10,1,1,"29",-0.848504566429867,-0.771726780730701,0.318563452806841,-0.776751287494539,-0.754523208930287,-0.969537356131429,-0.863286161706273,-0.72169002525149,-0.705168530854352,-0.266706982608898,-0.229478501619884,-0.853113529077339,-0.235966131408989
"95",1,"66",11,1,1,"21",0.134667352028684,-1.2786169889426,-1.09968918996647,-0.907881859848759,-3.17626483985951,-2.73337264389506,-1.36629313367721,-0.38350677670369,-2.32381167939718,-0.658845291422757,-1.27852308045364,-2.62355343350666,-0.436974317424054
"96",1,"68",11,1,1,"24",0.887735204465022,0.644070007723233,-2.00579504507165,1.09185936855309,-0.974681539014762,-0.0708788341781155,0.831980066905214,-0.12551130873939,-0.186506853619397,-0.23091289726189,-0.38519605629052,0,-0.16605024062114
"97",0,"99",9,0,1,"29",0.594875484073113,-0.299794517912723,0.239771639319435,-0.317794284254771,0.951703849224391,0.440799705577276,-0.329872196488477,0.72169002525149,0.705168530854352,0.266706982608898,0.229478501619884,0.853113529077339,0.235966131408989
"98",0,"39",4,0,1,"27",-1.2459570441046,-0.876600616912474,-1.13908509671018,-0.268620319621938,-1.24987945162036,-1.12415508131619,-0.863922037158514,-0.740516721562398,-0.475368670658176,-0.327017226864136,-0.226200237311029,-0.484348326185844,-0.300638330387749
"99",0,"11",5,0,1,"20",0.0928302491155547,1.25583405211691,1.89439972255497,0.764032937667541,0.236189276449849,0.740926018000508,1.3451253476242,-0.347247954178978,-0.161944412062761,0.143806663742171,0.0622870218682543,-0.330237495126712,0.139831781575697
"100",0,"121",9,0,5,"",0.302015763681204,-0.824163698821587,NA,NA,NA,-0.454445054483826,-0.808661847143053,-0.306805421362952,NA,NA,NA,NA,NA
"101",1,"107",10,1,1,"56",-0.346459331472309,1.27331302481387,0.476147079781654,0.468989149870547,1.2819413443511,1.32095263201263,1.30458202887861,-0.0906470563117813,-0.0534468021798453,0.235033857663967,-0.289580013948902,-0.0183465275070396,0.308795184312998
"102",0,"72",11,0,1,"20",-1.16228283827834,-1.03391137118513,0.791314333731279,0.747641616123264,-0.64444404388805,-0.368431383513685,-0.81577994497519,-0.470667407772711,0.186360067274739,0.0313588231759012,-0.00819566077213874,0.275197912605593,0.0349579453939244
"103",0,"31",3,0,1,"23",0.218341557854944,-1.76802822445754,0.712522520243873,-1.12096903992437,-1.58011694674707,-1.8741858614884,-1.86866621344522,0.188266963109084,-1.01977368104381,-0.782144172815496,-0.883082448197948,-0.80495389437136,-0.64890686137472
"104",0,"1",6,0,1,"24",0.804060998638762,-0.701810889942852,-1.09968918996647,1.91142544576696,0.676505936618798,1.02784338926071,-0.277934684084931,0.491585959229276,0.438820699591834,-0.00507163343567762,0.762196451808901,0.275197912605593,-0.1616804974469
"105",1,"31",10,1,1,"24",0.239260109311509,-1.15626418006387,0.239771639319435,0.272293291339218,-0.974681539014762,-0.797627732872684,-1.02293576737289,0.209185514565649,0.0567844475718996,0.0635862732568322,0.510179883065636,-0.199518486639055,-0.0371428169810446
"106",0,"91",10,0,1,"18",0.009156043289295,0.032305963329558,0.594334800012763,0.32146725597205,-0.534364878845813,-0.217172435066562,0.106613775913144,0.251022617478779,0.122771730663727,0.141270698280632,0.475348324784046,-0.110079165042237,0.0524369180908864
"107",1,"113",10,1,1,"49",0.804060998638762,-0.561979108367155,NA,-0.0227504964577765,0.621466354097679,0.277015971791422,-0.519926812152639,0,0,0,0,0,0
"108",1,"95",11,1,1,"22",-1.72708372760559,-0.771726780730701,-0.508750588810925,-0.137489747267719,-0.314206548761338,-0.432362525012941,-0.739754528860746,-1.15052033011107,0.898855348047338,0.449580461513968,0.224014727771792,1.08244512291533,0.431147993191733
"109",0,"127",11,0,1,"58",1.18059492485693,1.15096021593514,0.121583919088325,0.632902365313322,-0.314206548761338,0.303306713395259,1.22095783932643,0.418371029131298,-0.29614292679258,0.259315870615048,0.262261144708439,-0.678821517760464,0.221400320828187
"110",1,"43",12,1,1,"64",-0.283703677102614,0.53919617154146,-0.94210556299166,-2.57979665736506,-0.974681539014762,-1.51168274521116,0.0236373613091395,-0.583104621851747,-0.589828811322392,-0.337419337119092,-0.936354243216849,-0.288957808235873,-0.16605024062114
"111",1,"126",12,1,1,"32",0.302015763681204,-0.159962736337026,0.436751173037951,0.698467651490432,-0.809562791451406,-0.297077735843324,-0.0017183268075959,-0.251022617478779,-0.168272207286901,0.269241559795911,0.114739250809942,-0.41279686890839,0.262184590454432
"112",0,"19",3,0,1,"19",0.322934315137769,-0.911558562306398,-0.666334215785738,-0.00635917491349901,1.77729758704117,0.966156627742864,-0.846184954972731,0.109822395146966,0.556896534820984,-0.00110881554277675,0.0368804734746242,0.82559373781678,-0.0087394863484811
"113",1,"39",3,1,1,"27",-1.03677152953895,-1.17374315276083,-1.29666872368499,-0.58005542896321,-1.35995861666259,-1.38470769671087,-1.2041158921962,-0.531331206996749,-0.735921286052852,-0.667211081901822,-0.537635346652301,-0.594427491228081,-0.597780866236105
"114",0,"1",9,0,1,"25",0.197423006398379,-0.212399654427912,0.55493889326906,1.17381597627448,0.676505936618798,0.854786112437215,0.0407246852974281,-0.115052033011107,0.265763422768342,0.313587735946681,0.0245869823164162,0.275197912605593,0.32773073806804
"115",1,"43",10,1,1,"65",0.0509931462024248,0.574154116935385,-1.13908509671018,-1.95692643868252,-0.864602373972524,-1.19072566323026,0.176944078447933,-0.248407798546708,-0.26887172934149,-0.184112619980298,-0.313484024534306,-0.178878643193636,-0.131092295227216
"116",0,"121",11,0,NA,"",0.302015763681204,NA,NA,NA,NA,NA,NA,-0.306805421362952,NA,NA,NA,NA,NA
"117",0,"57",2,0,1,"46",-0.492889191668263,-4.6520587194563,NA,NA,NA,-2.55785444761834,-4.62833290059653,-0.0575260165055535,-2.14115492460917,-2.90425648222433,NA,NA,NA
"118",0,"11",3,0,1,"20",0.720386792812502,0.906254598177665,2.01258744278608,0.731250294578986,0.731545519139917,0.975364860005427,1.0093647715083,0.28030858951797,0.0724944299421583,-0.191953912373731,0.0295043787796994,0.165118747563356,-0.209747672363546
"119",1,"58",3,1,1,"62",-0.241866574189484,-1.03391137118513,-0.82391784276055,-0.743968644405984,0.236189276449849,-0.363076552476249,-1.10402042161475,0.85068775923364,0.533184723170132,0.0413891694325894,0.0437101907847399,0.770554155295661,0.0349579453939242
"120",1,"55",6,1,1,"26",-0.388296434385438,0.207095690299179,-0.548146495554628,0.403423863693437,-1.24987945162036,-0.617729151749994,0.287163975032175,0.115052033011107,0.522336011763654,0.313111820982162,0.19259802814526,0.577915616471746,0.292772792674116
"121",0,"68",9,0,1,"24",1.1387578219438,0.976170488965514,-0.429958775323519,1.86225148113413,-0.974681539014762,0.302134873060678,1.293805861429,0.12551130873939,0.186506853619397,0.23091289726189,0.38519605629052,0,0.16605024062114
"122",1,"95",9,1,1,"22",-0.388296434385438,-1.10382726197298,-0.508750588810925,0.0919887543521657,-1.24987945162036,-1.03680392388838,-1.00836417970306,0.188266963109084,0.294413949171899,0.180970810671654,0.453493229391676,0.146772220056316,0.099047511949452
"123",1,"70",11,1,1,"21",0.553038381159983,-0.0725678728522149,1.18527340116831,-0.5144901427861,0.18114969392873,-0.0916438232228948,-0.153755276291231,-0.0209185514565648,-0.00151615689593915,0.0335764542614545,-0.0819566077213872,0.0275197912605593,0.0524369180908865
"124",0,"22",3,0,1,"26",0.322934315137769,0.521717198844498,0.633730706756467,0.354249899060605,0.401308024013205,0.52434260560192,0.574144600263191,-0.125511308739389,-0.045611400958026,-0.274310714169936,0.114739250809942,-0.0275197912605593,-0.314621508545319
"125",0,"19",8,0,1,"19",-0.116355265450095,-1.40096979782134,-0.82391784276055,-0.5144901427861,-0.424285713803575,-0.793936079944752,-1.40557263451561,-0.329467185440897,-1.20319617286663,-0.560496495085651,-0.471250494397977,-1.37598956302797,-0.498150721863421
"126",1,"109",10,1,1,"63",1.93366277729327,0.976170488965514,2.52473423045422,2.09172998275402,1.72225800452005,2.16990341977978,1.33815055014277,0.0732149300979772,-0.00474339570323501,-0.34272942384936,0.0163913215442775,0.110079165042237,-0.367058426636205
"127",0,"104",11,0,1,"34",0.302015763681204,0.381885417268801,1.14587749442461,0.0592061112636108,-0.149087801197982,0.0154987177385373,0.385359752254187,-0.125511308739389,0.476833385065262,0.679755801121776,0.278652466252717,0.330237495126712,0.664200962484562
"128",1,"107",11,1,1,"57",-0.932178772256126,0.399364389965763,0.830710240474982,0.731250294578986,1.06178301426663,1.077656104275,0.531697621659523,-0.676366497095599,-0.296743329917474,-0.537850549555118,-0.0273188692404625,-0.238504857591514,-0.565153450535109
"129",0,"64",9,0,1,"22",-0.346459331472309,0.853817680086779,-0.82391784276055,0.124771397440721,-0.919641956493643,-0.359945041182359,0.842754251105505,-0.320751122333995,0.107443202520527,0.458237705205887,0.382464169366474,-0.201811802577435,0.40784269626245
"130",1,"31",10,1,1,"24",-0.304622228559179,0.259532608390066,0.948897960706092,0.354249899060605,0.126110111407611,0.283011898701797,0.327075384824169,-0.334696823305039,1.13742407914638,1.4135974254539,0.592136490787023,0.901273163783318,1.37865397147289
"131",0,"64",11,0,1,"22",0.385689969507463,0.45180130805665,-0.666334215785738,-0.350576927343326,-0.919641956493643,-0.635042213247583,0.372057932239511,0.411398178645777,-0.167653969544696,-0.012458613660107,-0.0928841554175723,-0.201811802577435,0.00582632423232071
"132",1,"134",11,1,1,"71",0.783142447182197,NA,NA,NA,0.511387189055442,0.468019623295394,NA,0.369561075732647,0.265607769477933,NA,NA,0.293544440112633,NA
"133",1,"139",11,1,1,"65",1.41069899087914,1.11600227054121,0.279167546063138,0.370641220604882,0.401308024013205,0.666165689790656,1.13733563302358,0.132484159224911,0.0498902947518453,0.413471743856377,-0.0764928338732948,-0.036693055014079,0.454453290121016
"134",0,"74",12,0,1,"20",1.07600216757411,1.15096021593514,0.0427921056009192,0.354249899060605,0.126110111407611,0.486258405181355,1.16711071731684,0.439289580587863,0.172008767367223,0.386650856678086,0.409783038606936,-0.0917326375351978,0.32627415700996
"135",1,"5",4,1,1,"23",-1.05769008099552,-1.06886931657906,0.0427921056009192,-0.760359965950262,-0.0390086361557446,-0.558924739554535,-1.14013046143856,0.267292601944996,-0.187573755739118,-0.224542945858891,-0.309613851391907,-0.0428085641830923,-0.174789726969621
"136",1,"55",4,1,1,"25",-0.702074706233912,-0.142483763640063,-0.548146495554628,0.370641220604882,-1.80027527683154,-1.07318913578251,-0.0485966010837266,-0.198726238837367,0.0668760277311431,-0.0226487551337394,0.159815385056705,0.0275197912605594,-0.056806661265127
"137",0,"55",5,0,1,"26",-0.388296434385438,0.207095690299179,-0.902709656247957,0.124771397440721,-1.80027527683154,-1.08836582147304,0.233316853022586,0.115052033011107,0.0516993420406053,0.259264698972573,-0.0860544381074566,0.0275197912605594,0.292772792674116
"138",1,"78",9,1,1,"20",0.009156043289295,-0.334752463306647,-0.0359997078864872,0.911554831566038,0.126110111407611,0.362578276595807,-0.125253926151768,0.376533926218169,0.302939800891636,0.248968908798454,0.180304536987052,0.275197912605593,0.227226645060508
"139",0,"87",11,0,1,"19",-0.681156154777347,0.0847428814204445,1.1064815876809,-0.235837676533383,-2.29563151952161,-1.58221567200035,0.0483333749817707,-0.285886869906387,-1.20336522963246,-0.268185733874154,-0.10927547696185,-1.6695340031406,-0.262184590454432
"140",0,"123",11,0,1,"30",0.11374880057212,-1.12130623466994,-1.06029328322277,-1.05540375374726,-2.07547318943713,-2.0282250415954,-1.24655890430122,0.997117619429594,-0.262590038067767,0.561923909437655,0.0382464169366474,-0.623781935239345,0.588458747464392
"141",0,"1",2,0,1,"24",0.281097212224639,-1.45340671591222,-0.351166961836112,0.960728796198871,0.126110111407611,0.126500076699141,-1.16991347872911,-0.0313778271848474,-0.462522612969732,-0.897050428079862,-0.188500197759191,-0.275197912605593,-0.913276323416272
"142",1,"19",2,1,1,"19",0.720386792812502,-0.596937053761079,-0.902709656247957,1.22298994090731,0.676505936618798,0.78608738846489,-0.31214106405066,0.507274872821699,0.37682729554301,0.532935075379294,1.26622958929543,-0.275197912605593,0.305882022196838
"143",1,"58",2,1,1,"62",-1.39238690430055,-1.08634828927602,-0.863313749504254,-0.907881859848759,-0.919641956493643,-1.20080611644563,-1.18510904235526,-0.299832570877431,-0.304544840799251,-0.0396994513079143,-0.120203024658035,-0.385277077647831,-0.0174789726969622
"144",0,"57",4,0,1,"46",-0.911260220799561,NA,NA,-0.219446354989106,0.676505936618798,0.399050096399422,-0.0992074640025,-0.475897045636852,0.815749619408589,1.6248689543697,NA,NA,NA
"145",0,"39",6,0,1,"27",0.0300745947458599,-0.492063217579306,-0.390562868579816,0.0428147897193333,-1.30491903414147,-0.95260773142014,-0.441371776974487,0.535514917288062,-0.303821320762126,0.0955330333198905,0.0852348720302428,-0.539387908706963,0.0838990689454183
"146",0,"129",9,0,1,"25",0.406608520964028,0.748943843905006,1.69742018883645,-0.0719244610906088,-0.424285713803575,-0.132967172559634,0.705916831746657,0.251022617478779,0.289336245937578,0.845102503617375,0.196695858531329,0.0275197912605593,0.856469662151145
"147",0,"49",10,0,1,"51",0.804060998638762,1.41314480638957,1.69742018883645,0.878772188477484,1.11682259678775,1.40203837342485,1.5155392212445,0.716460387387349,0.582310909918666,0.360069083877492,0.563451678084538,0.460956503614369,0.266554333628673
"148",1,"130",10,1,1,"52",-0.179110919819789,0.993649461662476,0.160979825832029,-0.0883157826348863,-1.52507736422595,-0.809708717686268,0.93334728839114,0.0139457009710433,-0.30893451004713,0.327525266142821,-0.0382464169366474,-0.568742352718226,0.355405778171564
"149",1,"102",12,1,1,"56",1.59896595398823,0.45180130805665,0.870106147218686,1.02629408237598,0.841624684182154,1.05822736065615,0.638126064522186,0.251022617478779,-0.448665213286388,-0.797167081253273,-0.147521893898497,-0.311890967619672,-0.8156853925249
"150",1,"65",4,1,1,"19",0.532119829703418,-0.299794517912723,-1.09968918996647,2.22286055510823,-0.0390086361557446,0.767650390434573,0.161086857128364,NA,NA,NA,NA,NA,NA
"151",0,"43",8,0,1,"64",0.762223895725632,1.01112843435944,-0.981501469735363,-2.08805701103674,-0.479325296324694,-0.887525076720017,0.563386282057476,0.462822950976499,0.0343288571687533,0.202329583629244,-0.444614596888526,0.206398434454195,0.305882022196837
"152",0,"75",9,0,1,"20",0.11374880057212,0.29449055378399,-0.390562868579816,-0.317794284254771,0.016030946365374,-0.0409805204172117,0.230151358506638,-0.0627556543696947,-0.133330423314925,-0.216818711993566,-0.0778587773353179,-0.082559373781678,-0.214117415537786
"153",1,"128",9,1,1,"40",0.009156043289295,0.801380761995892,-1.4542523506598,-0.432533535064713,-0.0940482186768633,-0.0423077989901919,0.685646163998523,0.12551130873939,-0.107470515580306,0.310104799516944,-0.270456805480578,-0.137598956302797,0.384537399333167
"154",1,"13",11,1,1,"21",-0.702074706233912,-0.282315545215761,-0.114791521373893,0.0428147897193333,-0.204127383719101,-0.178575733447469,-0.24371640462327,-0.261481893207061,-0.680904285722044,-0.549407843845554,-0.946598819182023,-0.343997390756992,-0.388907142507408
"155",0,"137",11,0,1,"58",0.511201278246853,0.259532608390066,-0.587542402298331,-1.38323018463281,0.291228858970967,-0.278550507163945,-0.0086772582944443,-0.188266963109084,-0.104745536115045,-0.156901417287761,0.409783038606936,-0.311890967619672,-0.250531941989791
"156",1,"25",3,1,1,"24",0.553038381159983,-0.457105272185382,-1.02089737647907,-2.38310079883373,-1.47003778170483,-1.9897298277204,-0.877215924175902,0.345156099033321,-0.429114095220456,-0.382323887539895,0.0245869823164164,-0.522876033950627,-0.410755858378611
"157",1,"43",4,1,1,"64",0.720386792812502,0.574154116935385,-0.784521936016847,-1.39962150617708,0.016030946365374,-0.394694181897306,0.284638322467111,0.420985848063369,0.527159751991464,-0.0764183759611202,0.243820907971127,0.701754677144263,-0.131092295227216
"158",0,"82",10,0,1,"20",0.448445623877158,0.346927471874877,-0.863313749504254,-1.46518679235419,-1.91035444187378,-1.74267002622097,0.0578417580255465,-0.230104066022214,-0.110873027652529,-0.439653450166891,-0.655652861771098,0.330237495126712,-0.332100481242281
"159",0,"100",10,0,1,"45",-0.597481948951088,0.679027953117157,-0.94210556299166,-1.07179507529153,0.18114969392873,-0.135343170561688,0.446815563948119,-0.0627556543696948,-0.0369980557157023,0.0700044318113808,-0.31963077011341,0.082559373781678,0.139831781575697
"160",0,"106",12,0,1,"56",0.0300745947458599,-0.614416026458041,-0.232979241605003,0.173945362073553,0.0710705288864927,-0.0221393919148053,-0.531330922057204,-0.711230749523207,0.470721308805718,-0.149033894517061,0.102445759651734,0.715514572774543,-0.179159470143862
"161",1,"34",6,1,1,"21",-0.0745181625369647,-0.090046845549177,-0.429958775323519,0.665685008401877,0.016030946365374,0.25086930814522,0.0578318417789365,-0.371304288354027,0.357224151930244,0.232813086433654,0.458957003239769,0.220158330084475,0.152941011098419
"162",1,"70",9,1,1,"21",0.594875484073113,-0.177441709033988,1.14587749442461,-0.350576927343326,0.126110111407611,-0.0886115094310165,-0.22090818481414,0.020918551456565,0.00151615689593915,-0.0335764542614546,0.0819566077213872,-0.0275197912605593,-0.0524369180908864
"163",1,"101",9,1,1,"30",-1.18320138973491,0.416843362662725,1.26406521465572,-0.907881859848759,-1.9653940243949,-1.54797553939989,0.231421126161797,0.271941168935344,-0.0155348421788348,0.265757135929182,0.139326233126358,-0.192638538823915,0.253445104105951
"164",1,"57",3,1,1,"46",0.0719116976589897,-1.06886931657906,NA,-0.530881464330378,1.2819413443511,0.401082193957423,-1.09578577272478,0.507274872821699,0.817781716966589,0.628290645647414,NA,NA,NA
"165",1,"11",4,1,1,"20",0.762223895725632,1.34322891560172,1.77621200232386,0.665685008401877,1.17186217930887,1.34017756385341,1.40847688617892,0.3221456924311,0.437307133790144,0.207158202296891,-0.0360609073974104,0.605435407732305,0.227226645060508
"166",0,"39",11,0,1,"27",-0.681156154777347,-0.387189381397534,-0.390562868579816,0.223119326706385,-0.259166966240219,-0.169218006453227,-0.307701835380909,-0.175715832235145,0.479568404204788,0.229202974913468,0.265539409017295,0.506364159194292,0.188772905127191
"167",1,"146",11,1,1,"40",1.74539581418418,0.504238226147536,-0.94210556299166,0.337858577516328,0.676505936618798,0.695584289423739,0.554505841468653,-0.094133481554542,-0.20594315560382,-0.151409998653344,0.196695858531329,-0.357757286387271,-0.201008186015065
"168",1,"39",12,1,1,"27",0.406608520964028,0.0497849360265202,0.436751173037951,0.370641220604882,0.346268441492086,0.38675646261035,0.132587490238222,0.91204884350623,1.03554287326836,0.6694923005326,0.413061302915792,1.1117995669266,0.625747222551245
"169",1,"127",12,1,1,"58",1.11783927048724,1.13348124323817,-0.666334215785738,0.436206506781992,0.676505936618798,0.877004890858788,1.16647682511392,0.355615374761604,0.277555250670949,0.204834856402541,0.0655652861771098,0.311890967619672,0.203921348131225
"170",1,"22",2,1,1,"26",0.573956932616548,1.15096021593514,1.0276897741935,0.124771397440721,0.456347606534323,0.615565407517972,1.12276602860306,0.12551130873939,0.045611400958026,0.274310714169936,-0.114739250809942,0.0275197912605593,0.314621508545319
"171",1,"46",3,1,1,"71",0.929572307378151,NA,NA,NA,0.731545519139917,0.667225450403844,NA,0.0488099533986515,0.531215538955866,NA,NA,0.587088880225266,NA
"172",0,"38",5,0,1,"19",0.239260109311509,0.242053635693104,-1.4542523506598,-1.20292564764575,0.676505936618798,0.0412170641428155,0.00969371609425698,0.141200222331813,0.431804789290278,0.0152044882480923,-0.0491739646328324,0.674234885883704,0.0262184590454432
"173",1,"43",5,1,1,"64",0.11374880057212,0.69650692581412,-0.863313749504254,-1.20292564764575,-0.974681539014762,-0.944481005657357,0.437947022855227,-0.185652144177014,-0.0226270717685872,0.0768903244269956,0.440516766502457,-0.288957808235873,-0.0087394863484811
"174",1,"43",6,1,1,"64",0.260178660768074,0.958691516268552,-1.02089737647907,-1.98970908177107,-0.919641956493643,-1.15201199058386,0.532977305561291,-0.0392222839810592,-0.230158056695087,0.17192060713306,-0.346266667622861,-0.233918225714754,0.253445104105951
"175",1,"13",9,1,1,"21",0.281097212224639,-0.457105272185382,0.633730706756467,1.14103333318592,0.566426771576561,0.713721198334468,-0.196208204642865,0.72169002525149,0.211392646059893,-0.501899643865149,0.151619724284566,0.42655676453867,-0.563696869477029
"176",1,"144",9,1,1,"22",0.343852866594334,0.346927471874877,0.436751173037951,-0.0227504964577765,0.0710705288864927,0.121143058605367,0.336579801369301,0.432316730102342,-0.611736420855901,-0.0544790309631854,-0.622870218682543,-0.587088880225266,0.0699158907878486
"177",1,"127",10,1,1,"58",-0.0117625081672699,0.504238226147536,-0.705730122529441,0.0428147897193333,0.731545519139917,0.61803731630947,0.497491241693794,-0.773986403892902,0.018587676121631,-0.464150727017589,-0.327826430885549,0.366930550140791,-0.425321668959412
"178",1,"128",11,1,1,"40",-0.241866574189484,0.032305963329558,-0.232979241605003,0.108380075896443,0.18114969392873,0.17263323217042,0.0654365649646352,-0.12551130873939,0.107470515580306,-0.310104799516944,0.270456805480578,0.137598956302797,-0.384537399333167
"179",1,"134",12,1,1,"71",0.134667352028684,NA,NA,NA,0.016030946365374,0.0198065123013821,NA,-0.278914019420866,-0.182605341516079,NA,NA,-0.201811802577435,NA
"180",1,"23",2,1,1,"19",-0.555644846037958,-2.17004459648767,-1.37546053717239,0.288684612883495,1.00674343174551,0.284731317547689,-1.97510258930517,0.0418371029131299,-0.0192281384630504,-0.800757814903596,0.0327826430885549,0.247678121345034,-0.856469662151145
"181",1,"50",2,1,1,"18",0.511201278246853,-0.509542190276269,-1.33606463042869,0.682076329946154,-1.24987945162036,-0.673591377616899,-0.334311425158227,-0.125511308739389,-0.92645396276928,-0.0600250919263907,-0.0122934911582081,-1.37598956302797,-0.0611764044393675
"182",0,"23",3,0,1,"19",-0.639319051864217,-0.457105272185382,-0.626938309042035,0.223119326706385,0.511387189055442,0.32318759447379,-0.373586959497981,-0.0418371029131298,0.0192281384630504,0.800757814903596,-0.0327826430885549,-0.247678121345034,0.856469662151145
"183",1,"57",5,1,1,"46",-0.409214985842003,-1.0513903438821,NA,-0.498098821241823,0.786585101661035,0.0909240652248248,-1.07297953616497,0.0261481893207062,0.507623588233991,0.651096882207223,NA,NA,NA
"184",0,"31",9,0,1,"23",-0.0535996110803998,-1.24365904354868,0.55493889326906,-0.203055033444828,-0.919641956493643,-0.964680379299189,-1.19714902771206,-0.0836742058262597,-0.110268198854606,-0.110626987082336,0.0348315582815896,-0.144478904117936,-0.124537680465855
"185",0,"63",9,0,1,"24",-2.75209274897727,-1.13878520736691,-1.33606463042869,-1.21931696919003,-0.974681539014762,-1.36925510867057,-1.29470496298319,NA,NA,NA,NA,NA,NA
"186",1,"115",9,1,1,"68",-0.994934426625821,-0.43962629948842,1.0670856809372,-0.694794679773152,-0.534364878845813,-0.716949145278787,-0.53449443332383,-0.470667407772711,0.197797196235492,-0.183403705656824,0.499935307100462,0.110079165042237,-0.297142535848356
"187",0,"2",3,0,1,"23",-1.05769008099552,0.381885417268801,1.26406521465572,0.731250294578986,-0.314206548761338,0.16590926545061,0.515226340630255,-0.38176356408231,-0.0433468998513432,-0.0166322331416502,0.553207102119364,-0.343997390756992,-0.131092295227216
"188",1,"2",4,1,1,"23",-0.0745181625369647,0.801380761995892,1.53983656186164,0.780424259211819,0.401308024013205,0.752566958739327,0.920039518628498,0.601408354376241,0.543310793437374,0.388180944856593,0.602381066752196,0.371517182017551,0.288403049499875
"189",1,"64",4,1,1,"19",-0.116355265450095,0.032305963329558,1.0670856809372,-0.547272785874655,-0.314206548761338,-0.407177476678718,-0.0612625456461624,-0.0906470563117813,0.0602107670241688,-0.44577909154578,-0.289580013948902,0.40362360515487,-0.413669020494771
"190",0,"46",5,0,1,"71",0.804060998638762,NA,NA,NA,-1.02972112153588,-0.926421166463754,NA,-0.076701355340738,-1.06243107791173,NA,NA,-1.17417776045053,NA
"191",1,"31",6,1,1,"23",-0.220948022732919,-1.69811233366969,1.1064815876809,-0.399750891976158,0.0710705288864927,-0.490612842266816,-1.66341206765627,-0.251022617478779,0.363799338177767,-0.576890027026546,-0.16186430024974,0.846233581262199,-0.578990970586871
"192",0,"13",8,0,1,"21",0.0509931462024248,1.08104432514729,0.357959359550544,1.3049465486287,0.291228858970967,0.946122862034348,1.28493930358543,0.491585959229276,0.443794309759773,0.979247864363142,0.315532939727341,0.151358851933076,0.97445272785564
"193",1,"107",9,1,1,"56",0.511201278246853,1.22087610672298,1.65802428209275,1.07546804700881,1.5571392569567,1.72458956628979,1.37236486310579,0.76701355340738,0.350190132097319,0.302816691891151,0.316898883189364,0.256851385098554,0.256358266222112
"194",0,"116",9,0,1,"64",1.38978043942258,1.44810275178349,0.121583919088325,-0.268620319621938,-0.149087801197982,0.132089216343274,1.32675833973414,-0.094133481554542,-0.112266166828699,0.321826847147629,-0.721218147948208,0.082559373781678,0.48941123551494
"195",1,"106",11,1,1,"56",1.18059492485693,-0.334752463306647,-0.469354682067222,0.0100321466307784,-0.809562791451406,-0.60259734651508,-0.299465203241614,0.439289580587863,-0.109736645794557,0.0828318242985292,-0.0614674557910405,-0.165118747563356,0.100504093007532
"196",0,"43",3,0,1,"64",0.448445623877158,0.976170488965514,-1.06029328322277,-1.23570829073431,-0.919641956493643,-0.85705775765786,0.695152563792977,0.149044679128025,0.0647961762309099,0.334095865364745,0.407734123413902,-0.233918225714754,0.270924076802913
"197",1,"45",6,1,1,"42",-0.262785125646049,-1.10382726197298,-0.863313749504254,-0.940664502937314,0.621466354097679,-0.200749161675603,-1.20791527891507,-0.177807687380802,-0.12511342992196,-0.133352003867458,-0.434370020923353,0.082559373781678,-0.0524369180908864
"198",1,"122",11,1,1,"76",0.824979550095327,-2.55458199582084,1.61862837534905,0.337858577516328,-0.864602373972524,-1.01852320038635,-2.32796833865326,0.0418371029131298,-0.794929109171153,-1.43848923222365,-0.568232480201618,-0.385277077647831,-1.40997046422161
"199",0,"13",3,0,1,"21",-1.39238690430055,0.0847428814204445,0.003396198857216,1.46885976407147,-0.0940482186768633,0.528045882176954,0.377751062569844,-0.951794091273704,0.0257173299023787,0.0720596233475606,0.479446155170115,-0.233918225714754,-0.0218487158712027
"200",0,"2",5,0,1,"23",-0.471970640211698,0.958691516268552,1.14587749442461,0.354249899060605,-0.259166966240219,0.188247671693646,0.985926625994893,0.203955876701508,-0.0210084936083072,0.454068052222988,0.176206706600983,-0.288957808235873,0.445713803772535
"201",0,"130",11,0,1,"""52""",0.239260109311509,0.713985898511082,0.633730706756467,0.370641220604882,-0.314206548761338,0.102469461726277,0.758496169350409,0.432316730102342,0.603243669365415,0.15267414710209,0.420710586303121,0.642128462746384,0.0757422150201693
"202",1,"11",2,1,1,"20",0.699468241355937,0.906254598177665,1.38225293488683,0.403423863693437,0.126110111407611,0.449441486147,0.946015216202898,0.259390038061405,-0.453428943916269,-0.25530346767913,-0.29832205210585,-0.440316660168949,-0.209747672363546
"203",1,"45",2,1,1,"42",0.0928302491155547,-0.998953425791209,-0.626938309042035,-0.0719244610906088,0.456347606534323,0.0494776981683163,-0.941211271180151,0.177807687380802,0.12511342992196,0.133352003867458,0.434370020923353,-0.082559373781678,0.0524369180908866
"204",1,"35",3,1,1,"25",0.615794035529678,-1.59323849748792,-2.43915001925238,-0.350576927343326,-0.369246131282457,-0.738208965182533,-1.55508194818485,2.21736645439588,-0.428506504499602,0.0668605194006993,NA,-0.495356242690068,0.144201524749938
"205",1,"69",10,1,1,"21",-0.430133537298568,1.34322891560172,1.57923246860534,-1.07179507529153,-0.369246131282457,-0.34700924238919,1.07272424306031,-0.418371029131298,-0.107157535508553,-0.135570957119226,-0.0764928338732948,-0.0733861100281582,-0.128179133111056
"206",1,"9",11,1,1,"21",0.866816653008457,0.644070007723233,-1.02089737647907,-0.530881464330378,-0.974681539014762,-0.697094741212166,0.51839976814349,0.0278914019420865,-0.464836580122908,0.0696878162514753,-0.349681526277919,-0.550395825211187,0.145658105808018
"207",1,"130",12,1,1,"52",-0.639319051864217,0.207095690299179,0.397355266294248,-0.432533535064713,-1.02972112153588,-0.795083366957423,0.125622609003408,-0.446262431073385,-0.294309159318285,-0.480199413244911,-0.382464169366474,-0.0733861100281583,-0.431147993191733
"208",1,"25",2,1,1,"24",-0.137273816906659,0.364406444571839,-0.981501469735363,-2.43227476346656,-0.424285713803575,-1.13150163727949,-0.112568149096112,-0.345156099033321,0.429114095220455,0.382323887539895,-0.024586982316416,0.522876033950627,0.410755858378611
"209",0,"40",2,0,1,"61",0.950490858834716,-0.387189381397534,-0.784521936016847,-0.121098425723441,-0.369246131282457,-0.374672612759446,-0.374218868451578,0.750743568941163,-0.0841831664245009,-0.167670533184228,0.287758755999537,-0.214042820915461,-0.236937185447709
"210",1,"46",4,1,1,"71",0.908653755921586,NA,NA,NA,0.731545519139917,0.667225450403844,NA,0.0278914019420866,0.531215538955866,NA,NA,0.587088880225266,NA
"211",1,"36",8,1,1,"55",-0.388296434385438,0.801380761995892,0.279167546063138,0.944337474654593,0.731545519139917,1.03368387793268,0.951714296281198,-0.125511308739389,-0.352676422107073,0.086721455211492,-0.185768310835144,-0.470894206014015,0.130121241188496
"212",1,"40",10,1,1,"61",-0.283703677102614,0.137179799511331,-0.508750588810925,-0.38335957043188,-0.974681539014762,-0.755737565291029,0.0692399181821455,-0.483450966996167,-0.465248118956084,0.275788253449495,0.0254976112910982,-0.819478228647767,0.287431995461155
"213",1,"134",10,1,1,"71",0.322934315137769,NA,NA,NA,0.126110111407611,0.119409425855607,NA,-0.0906470563117813,-0.083002427961854,NA,NA,-0.0917326375351978,NA
"214",0,"31",11,0,1,"24",-0.304622228559179,-1.45340671591222,-1.53304416414721,-1.64549132934124,-2.5708294321272,-2.65845338436276,-1.67354244340704,-0.334696823305039,-1.80404120391818,-0.587020402777308,-1.40760473761483,-1.7956663797515,-0.334285352829401
"215",1,"2",2,1,1,"23",-1.09952718390865,-0.090046845549177,-0.508750588810925,-1.15375168301292,0.291228858970967,-0.269699234675771,-0.293758190166027,-0.42360066699544,-0.478955399977724,-0.825616763937931,-1.33179487547254,0.261438016975314,-0.603024558045194
"216",1,"12",3,1,1,"21",-0.953097323712691,-1.20870109815475,0.436751173037951,-0.301402962710493,-0.424285713803575,-0.66786822652431,-1.18321133224515,-0.355615374761604,-0.270589802771255,-0.537641896486574,0.513594741720694,-0.477009715183028,-0.675853610949203
"217",1,"56",6,1,1,"62",-0.116355265450095,0.993649461662476,-0.390562868579816,-0.0391418180020539,0.346268441492086,0.443823315882543,0.94284972168695,NA,NA,NA,NA,NA,NA
"218",1,"132",10,1,1,"35",1.38978043942258,1.55297658796526,1.38225293488683,0.632902365313322,-2.40571068456385,-0.984830749482939,1.5997973029996,0.0627556543696948,-1.19662273162912,-0.122582777790472,-0.336022091657688,-1.59614789311244,-0.0611764044393677
"219",0,"63",11,0,1,"24",-1.20411994119147,-0.229878627124874,-0.902709656247957,-0.38335957043188,-0.479325296324694,-0.512633122498627,-0.276656983432484,NA,NA,NA,NA,NA,NA
"220",1,"35",5,1,1,"25",-2.0199434479975,-1.85542308794235,-3.26646406087015,0.272293291339218,0.566426771576561,0.05965624922947,-1.68178700854362,-0.418371029131298,0.369358709912401,-0.0598445409580644,NA,0.440316660168949,-0.117983065704494
"221",0,"56",5,0,1,"62",0.239260109311509,0.53919617154146,0.870106147218686,0.38703254214916,0.346268441492086,0.504668193095609,0.596950836822999,NA,NA,NA,NA,NA,NA
"222",0,"53",9,0,1,"76",0.866816653008457,NA,-1.37546053717239,-1.25209961227859,0.951703849224391,0.16264335966341,-0.578275780250423,0.194243692096674,0.117878000644322,-0.408480423464006,0,0.235883925090508,NA
"223",0,"109",11,0,1,"63",1.78723291709731,1.71028734223792,2.95808920463495,2.05894733966546,1.50209967443558,2.17939021118625,2.02360939784149,-0.0732149300979772,0.00474339570323501,0.34272942384936,-0.0163913215442775,-0.110079165042237,0.367058426636205
"224",1,"63",12,1,1,"24",-0.848504566429867,-0.0376099274582906,-0.981501469735363,-0.137489747267719,0.236189276449849,0.0981215961942589,-0.0479607256314862,NA,NA,NA,NA,NA,NA
"225",1,"43",2,1,1,"64",0.322934315137769,0.311969526480952,-0.902709656247957,-0.694794679773152,-0.369246131282457,-0.436653050152342,0.173770650934697,0.0235333703886356,0.485200883736428,-0.187286047493534,0.948647734375058,0.316477599496432,-0.393276885681648
"226",0,"40",6,0,1,"61",0.197423006398379,-0.142483763640063,-0.587542402298331,-0.64562071514032,-0.424285713803575,-0.557603141121937,-0.244980222530463,-0.00232428349517388,-0.267113694786992,-0.0384318872631133,-0.236763533417341,-0.26908240343658,0.00776843230976096
"227",0,"122",10,0,1,"76",0.322934315137769,-0.736768835336777,2.36715060347941,1.43607712098292,-0.204127383719101,0.255468522705081,-0.402734101336295,-0.460208132044428,0.479062613920282,0.486745005093317,0.529986063264971,0.275197912605593,0.40784269626245
"228",0,"36",11,0,1,"55",0.322934315137769,0.836338707389817,0.397355266294248,1.07546804700881,1.33698092687222,1.49167274459723,1.00999668046189,0.585719440783818,0.105312444557477,0.145003839392188,-0.0546377384809249,0.13454120171829,0.16507918658242
"229",1,"36",12,1,1,"55",0.385689969507463,0.871296652783741,0.948897960706092,1.38690315635008,1.22690176182998,1.54720511762007,1.10312132006056,0.648475095153512,0.160844817580317,0.238128478990853,0.256797370860347,0.0244620366760526,0.200037131976345
"230",1,"40",5,1,1,"61",0.364771418050899,-0.212399654427912,-0.1935833348613,-0.530881464330378,0.236189276449849,-0.0935405768349429,-0.288693002290646,0.165024128157345,0.196948869500002,-0.082144667023296,-0.122024282607399,0.391392586816844,-0.0621474584780876
"231",1,"75",10,1,1,"20",0.281097212224639,0.381885417268801,0.0427921056009192,-0.678403358228875,0.126110111407611,-0.0875925537264202,0.24282325281704,0.104592757282825,-0.179942456624133,-0.204146817683164,-0.438467851309422,0.0275197912605593,-0.126722552052976
"232",1,"110",10,1,1,"77",1.18059492485693,-2.15256562379071,-1.4542523506598,-2.46505740655512,-3.28634400490175,-3.60616910803854,-2.49076757284126,0,0,0,0,0,0
"233",1,"40",3,1,1,"61",0.406608520964028,-0.19492068173095,-0.981501469735363,-0.104707104179164,0.18114969392873,0.0385949275154853,-0.189867299364359,0.206861231070475,0.32908437385043,0.0166810359029905,0.304150077543815,0.336353004295725,-0.0446684857811255
"234",1,"63",5,1,1,"21",0.992327961747846,0.556675144238422,1.22466930791201,0.895163510021761,0.016030946365374,0.486878440816428,0.711613928575635,NA,NA,NA,NA,NA,NA
"235",0,"40",9,0,1,"61",-0.137273816906659,-0.00265198206436628,-0.508750588810925,-0.563664107418932,0.126110111407611,-0.130989624889288,-0.0973725854699685,-0.337021106800213,0.159499821445656,0.109175749797381,-0.154806925695954,0.281313421774606,0.147600213885458
"236",0,"53",11,0,1,"76",0.762223895725632,0.434322335359687,-0.390562868579816,-1.39962150617708,0.786585101661035,0.0817705165607259,0.152868074232967,0.0896509348138497,0.0370051575416374,0.322663431019384,-0.147521893898497,0.0707651775271525,NA
"237",1,"126",11,1,1,"32",0.804060998638762,-0.68433191724589,-0.0753956146301903,0.468989149870547,0.016030946365374,0.0394666787304787,-0.540201446399417,0.251022617478779,0.168272207286901,-0.269241559795911,-0.114739250809942,0.41279686890839,-0.262184590454432
"238",1,"144",11,1,1,"22",-0.137273816906659,0.242053635693104,1.38225293488683,1.53442505024858,1.50209967443558,1.64221803686192,0.538662502894337,-0.0488099533986515,0.909338557400647,0.14760367056185,0.934305328023815,0.843940265323819,-0.0349579453939243
"239",1,"40",12,1,1,"61",0.0928302491155547,-0.736768835336777,-0.82391784276055,-0.629229393596042,-0.424285713803575,-0.686775398905944,-0.801836299760308,-0.106917040777998,-0.396285952571,-0.595287964492958,-0.220372211873064,-0.26908240343658,-0.586516639386952
"240",0,"40",4,0,1,"61",0.448445623877158,0.224574662996142,-0.114791521373893,-0.793142609038817,0.126110111407611,-0.167737476698185,0.0724093791967374,0.248698333983605,0.122751969636759,0.278957714464087,-0.384285427315838,0.281313421774606,0.374826858945966
"241",0,"36",7,0,1,"55",-0.932178772256126,0.679027953117157,0.67312661350017,0.960728796198871,1.2819413443511,1.37521735709718,0.839582806841591,-0.669393646610077,-0.011142942942574,-0.0254100342281147,-0.169376989290867,0.0795016191971714,0.00776843230976099
"242",0,"35",8,0,1,"25",-1.03677152953895,-1.03391137118513,-0.902709656247957,NA,-0.479325296324694,-0.676275643136571,-1.0179588911679,0.564800889327253,-0.36657318245364,0.603983576417653,NA,-0.605435407732305,0.703528651052726
"243",1,"40",8,1,1,"61",-0.241866574189484,-0.0376099274582906,-0.666334215785738,0.0919887543521657,0.126110111407611,0.114056451970785,-0.00361603691770709,-0.441613864083037,0.40454589830573,0.202932298349642,0.500845936075144,0.281313421774606,0.112642268491534
"244",1,"36",10,1,1,"55",0.343852866594334,1.01112843435944,0.594334800012763,1.1574246547302,1.33698092687222,1.56315206678152,1.19054687958092,0.606637992240383,0.17679176674176,0.325554038511218,0.0273188692404625,0.13454120171829,0.339868913552042
"245",0,"102",11,0,1,"56",0.762223895725632,1.41314480638957,1.14587749442461,1.12464201164165,0.841624684182154,1.31536724881888,1.56305138772355,-0.585719440783818,-0.19152532512366,0.127758241948091,-0.0491739646328324,-0.311890967619672,0.145658105808018
"246",0,"117",11,0,1,"21",0.992327961747846,0.871296652783741,0.988293867449795,0.993511439287426,1.17186217930887,1.35908473623505,1.02710185369408,0.188266963109084,0.183791629317213,-0.157110070356304,-0.13113057235422,0.40362360515487,-0.139831781575697
"247",0,"36",3,0,1,"54",-1.20411994119147,0.556675144238422,0.515542986525357,0.993511439287426,1.22690176182998,1.3236611396529,0.730618795167254,-0.941334815545421,-0.0626991603868552,-0.134374045902451,-0.136594346202312,0.0244620366760526,-0.114584376568974
"248",1,"135",10,1,1,"36",0.908653755921586,1.25583405211691,NA,0.567337079136212,0.621466354097679,0.919194311270139,1.30711561444096,-0.156889135924237,0.365211022496524,0.0177360905611219,0.475348324784046,0.302717703866153,-0.0786553771363296
"249",0,"112",11,0,1,"63",1.34794333650945,1.18591816132906,2.17017106976089,0.911554831566038,1.06178301426663,1.32657080227709,1.30774752339456,NA,NA,NA,NA,NA,NA
"250",1,"56",4,1,1,"62",0.009156043289295,0.853817680086779,-0.1935833348613,0.714858973034709,0.291228858970967,0.666600053725038,0.956783450655223,NA,NA,NA,NA,NA,NA
"251",1,"49",5,1,1,"50",0.699468241355937,1.09852329784425,1.34285702814312,0.550945757591934,0.951703849224391,1.09486465468227,1.15570660741228,0.611867630104524,0.275137191176094,0.000236470045267945,0.235625247198988,0.295837756051013,-0.0480671749166459
"252",0,"49",6,0,1,"51",0.0509931462024248,1.60541350605615,1.57923246860534,0.534554436047657,0.236189276449849,0.732074745512334,1.63020627949578,-0.0366074650489886,-0.0876527179938454,0.474736142128773,0.219233925654711,-0.41967681672353,0.458823033295257
"253",1,"102",10,1,1,"55",1.68264015981449,1.93751398729843,1.57923246860534,1.37051183480581,1.77729758704117,2.14708311235259,2.10470198508064,0.334696823305039,0.640190538410048,0.669408839305182,0.196695858531329,0.623781935239345,0.670027286716882
"254",1,"53",12,1,1,"76",0.511201278246853,NA,-0.666334215785738,-0.662012036684597,0.786585101661035,0.29208047594043,-0.304522456680181,-0.161371682664929,0.247315116921341,-0.134727099893764,0.590087575593988,0.0707651775271525,NA
"255",1,"9",4,1,1,"20",0.0300745947458599,0.766422816601968,-0.705730122529441,-0.0883157826348863,-0.204127383719101,0.00993449796839111,0.719220635010655,-0.80885065632051,0.242192659057649,0.27050868311864,0.0928841554175722,0.220158330084475,0.268010914686753
"256",1,"36",4,1,1,"55",-0.702074706233912,0.399364389965763,0.791314333731279,1.89503412422269,1.2819413443511,1.672002299756,0.756588542993688,-0.439289580587863,0.285641999716243,-0.108404298076017,0.764928338732948,0.0795016191971714,-0.271895130841633
"257",1,"36",5,1,1,"55",-0.220948022732919,0.469280280753612,0.948897960706092,0.665685008401877,1.2819413443511,1.21353721204767,0.584912834715515,0.0418371029131299,-0.172823087992083,-0.280080006354191,-0.464420777087861,0.0795016191971714,-0.201979240053785
"258",1,"36",6,1,1,"55",0.0300745947458599,0.416843362662725,0.791314333731279,1.09185936855309,1.11682259678775,1.25711088487254,0.617853413524729,0.292859720391909,-0.129249415167212,-0.247139427544976,-0.0382464169366474,-0.0856171283661846,-0.254416158144671
"259",0,"49",8,0,1,"51",0.11374880057212,1.60541350605615,1.42164884163053,0.19033668361783,0.511387189055442,0.780793390904116,1.56368924642511,0.0261481893207061,-0.0389340726020636,0.408219109058104,-0.124983826775116,-0.144478904117937,0.458823033295257
"260",0,"117",9,0,1,"21",0.804060998638762,0.888775625480703,0.200375732575732,0.927946153110316,0.236189276449849,0.720490412061978,1.03090322366227,0,-0.454802694855856,-0.153308700388116,-0.196695858531329,-0.532049297704147,-0.122352808878735
"261",1,"47",10,1,1,"61",0.950490858834716,1.32574994290476,1.93379562929867,1.22298994090731,1.33698092687222,1.6601877807014,1.49969984916883,1.6107284621555,0.288864273555093,1.29851678701318,-0.135813807081156,0.0314511900120678,1.40580880405567
"262",0,"106",10,0,1,"56",1.24335057922663,-0.666852944548928,-0.548146495554628,0.337858577516328,-0.919641956493643,-0.624429298252047,-0.549069987492309,0.502045234957558,-0.131568597531524,-0.166772959952165,0.266358975094509,-0.275197912605593,-0.231596388234748
"263",1,"147",10,1,1,"31",1.03416506466098,0.713985898511082,1.0276897741935,0.780424259211819,1.77729758704117,1.64040244386024,0.837683113482158,0.282400444663626,0.432832488526635,0.239781438354782,0.51632662864474,0.302717703866153,0.148571267924178
"264",1,"132",12,1,1,"35",1.26426913068319,1.675329396844,2.48533832371051,1.3049465486287,0.786585101661035,1.40841471377529,1.84496285858054,-0.0627556543696945,1.19662273162912,0.122582777790472,0.336022091657688,1.59614789311244,0.0611764044393674
"265",0,"53",2,0,1,"76",0.0928302491155547,0.416843362662725,-0.981501469735363,-2.15362229721385,0.236189276449849,-0.576288361648129,-0.00930718399871866,-0.579742711796228,-0.621053720667218,0.160488172787699,-0.90152268493526,-0.479630647684034,NA
"266",0,"49",4,0,1,"50",-0.576563397494523,1.22087610672298,1.53983656186164,0.157554040529276,0.291228858970967,0.535225742806828,1.19498610825067,-0.664164008745936,-0.284501720699352,0.0395159708836661,-0.15776646986367,-0.364637234202411,0.0742856339620892
"267",0,"53",4,0,1,"76",0.929572307378151,0.224574662996142,-1.33606463042869,-1.48157811389847,0.731545519139917,-0.0339897213863353,-0.0606246869446,0.256999346466369,-0.0787550804054238,0.109170669841817,-0.229478501619884,0.0157255950060339,NA
"268",1,"122",9,1,1,"76",1.2015134763135,-0.142483763640063,1.61862837534905,0.944337474654593,-0.369246131282457,0.0922724040356711,0.0622651207007213,0.418371029131298,0.315866495250872,0.951744227130333,0.0382464169366474,0.110079165042237,1.00212776795916
"269",0,"50",11,0,1,"18",0.762223895725632,-0.43962629948842,-1.25727281694129,0.796815580756096,1.22690176182998,1.0205983210415,-0.246253956684266,0.12551130873939,0.767735735889115,0.0280323765475712,0.102445759651734,1.10079165042237,0.0087394863484811
"270",1,"146",12,1,1,"40",1.93366277729327,0.906254598177665,-0.626938309042035,-0.0555331395463314,1.39202050939334,1.10747060063138,0.85732583877534,0.094133481554542,0.20594315560382,0.151409998653344,-0.196695858531329,0.357757286387271,0.201008186015065
"271",0,"7",2,0,1,"22",-0.179110919819789,0.207095690299179,-0.666334215785738,-0.0719244610906088,0.236189276449849,0.179216407645163,0.195307119839347,0.0836742058262597,-0.195695302448301,-0.572689499557551,-0.917914006479537,0.385277077647831,-0.419495344727091
"272",0,"12",2,0,1,"21",0.0300745947458599,-0.159962736337026,-0.0359997078864872,-1.56353472161986,0.016030946365374,-0.625327789845289,-0.438830258414848,0.627556543696948,-0.228049366092234,0.206739177343725,-0.74853701718867,-0.0366930550140791,0.372884750868526
"273",0,"49",2,0,1,"50",-0.283703677102614,0.713985898511082,-0.0359997078864872,-0.153881068811996,0.346268441492086,0.335781813590054,0.657136880861771,-0.371304288354027,-0.483945649916125,-0.498333256505237,-0.469201579204942,-0.309597651681292,-0.432604574249813
"274",1,"52",2,1,1,"69",-0.367377882928874,1.37818686099564,2.05198334952978,1.20659861936303,0.951703849224391,1.41164479265278,1.54594621449136,0,-0.0970446006825378,0.344629117208793,0.163913215442774,-0.357757286387271,0.332100481242281
"275",1,"7",3,1,1,"22",-0.346459331472309,1.04608637975336,-0.0359997078864872,1.76390355186847,-0.534364878845813,0.570607012541764,1.34068611895445,-0.0836742058262597,0.195695302448301,0.572689499557551,0.917914006479537,-0.385277077647831,0.419495344727092
"276",1,"9",3,1,1,"20",0.302015763681204,0.679027953117157,-0.94210556299166,0.0100321466307784,-0.314206548761338,-0.0446600799602268,0.655869096455935,-0.536909487385166,0.187598081129031,0.207157144563919,0.191232084683237,0.110079165042237,0.180616051201942
"277",1,"47",3,1,1,"61",1.61988450544479,1.76272426032881,-0.154187428117597,1.78029487341274,1.44706009191446,2.04750339906951,2.01917611891971,2.28012210876558,0.676179891923201,1.81799305676406,0.421491125424277,0.141530355054305,1.84278312147972
"278",1,"49",3,1,1,"50",-0.409214985842003,0.591633089632347,1.26406521465572,0.0592061112636108,0.896664266703272,0.753220251182923,0.583015124605404,-0.496815597093417,-0.066507212323257,-0.572455012761604,-0.256114399129335,0.240798173529894,-0.554957383128548
"279",1,"56",3,1,1,"62",-0.471970640211698,1.32574994290476,0.0821880123446223,0.239510648250663,0.896664266703272,0.990179272333269,1.30965118325263,NA,NA,NA,NA,NA,NA
"280",0,"59",3,0,1,"28",1.28518768213975,1.1684391886321,-1.02089737647907,1.74751223032419,1.72225800452005,2.08090722431984,1.45281760839405,0.0767013553407381,0.133523058873475,0.411572050496944,-0.256797370860347,0.183465275070396,0.48941123551494
"281",0,"12",4,0,1,"21",-0.869423117886432,-0.229878627124874,0.0427921056009192,-0.58005542896321,0.566426771576561,0.101360745110433,-0.314666716615723,-0.271941168935344,0.498639168863488,0.330902719142849,0.234942275467977,0.513702770197108,0.302968860080677
"282",0,"47",4,0,1,"61",1.11783927048724,1.76272426032881,2.52473423045422,0.960728796198871,1.66721842199893,1.87647459706445,1.86080223065621,1.77807687380802,0.505151089918137,1.65961916850056,-0.398074951789595,0.36168868513878,1.84278312147972
"283",1,"50",4,1,1,"18",1.05508361611754,-0.422147326791458,-0.902709656247957,0.632902365313322,-0.0390086361557446,0.126188730484528,-0.261457453307697,0.418371029131298,-0.126673854667854,0.0128288799241398,-0.0614674557910405,-0.165118747563356,0.0262184590454432
"284",1,"63",4,1,1,"21",-0.451052088755133,0.29449055378399,0.67312661350017,0.911554831566038,0.18114969392873,0.542356863344957,0.467712190901883,NA,NA,NA,NA,NA,NA
"285",1,"66",4,1,1,"22",0.511201278246853,-0.754247808033739,-0.863313749504254,1.23938126245159,0.566426771576561,0.683924842055467,-0.457215115548803,-0.00697285048552165,1.09348580655334,0.250232726705647,0.868740041846705,1.11913817792941,0.0873948634848108
"286",1,"9",5,1,1,"20",0.657631138442807,0.53919617154146,-0.626938309042035,0.0592061112636108,-0.974681539014762,-0.493291219630534,0.5336012815176,-0.181294112623563,-0.261033058541276,0.0848893296255847,0.240406049316069,-0.550395825211187,0.040784269626245
"287",1,"47",5,1,1,"61",0.239260109311509,0.731464871208044,-0.1935833348613,1.53442505024858,0.841624684182154,1.31807877980538,0.999858371713843,0.899497712632291,-0.0532447273409327,0.798675309558196,0.175621302260116,-0.463905052678,0.811523732358957
"288",0,"59",5,0,1,"28",0.908653755921586,1.04608637975336,-0.863313749504254,2.14090394738685,1.66721842199893,2.16851009732757,1.41353810755566,-0.29983257087743,0.221125931881206,0.372292549658546,0.136594346202312,0.128425692549277,0.367058426636205
"289",0,"47",6,0,1,"61",-4.8230293431772,-3.67323624842642,-0.587542402298331,1.09185936855309,1.50209967443558,0.578741342134929,-3.236426347324,-4.16279173985642,-0.792582165011384,-3.43760940947965,-0.266944379435376,0.196569937575424,-3.5931773872755
"290",1,"52",6,1,1,"69",-0.367377882928874,0.713985898511082,-0.587542402298331,0.878772188477484,1.66721842199893,1.60573399401785,0.856687980073777,0,0.0970446006825381,-0.344629117208793,-0.163913215442775,0.357757286387271,-0.332100481242281
"291",1,"53",6,1,1,"76",0.950490858834716,NA,-0.0753956146301903,-1.5307520785313,0.731545519139917,-0.112801693466231,-0.707548183047482,0.277917897922934,-0.157567052485319,-0.537752826261065,-0.278652466252717,0.0157255950060339,NA
"292",1,"59",6,1,1,"28",1.43161754233571,-0.177441709033988,-0.0753956146301903,2.12451262584257,1.22690176182998,1.59273517469169,0.257380957741621,0.223131215536692,-0.354648990754681,-0.78386460015549,0.120203024658035,-0.311890967619672,-0.856469662151145
"293",1,"66",6,1,1,"22",0.908653755921586,-0.492063217579306,-0.666334215785738,0.780424259211819,0.951703849224391,0.820764908345965,-0.29883527753734,0.390479627189212,1.23032587284384,0.40861256471711,0.409783038606936,1.50441525557724,0.349579453939243
"294",0,"9",8,0,1,"21",1.24335057922663,0.364406444571839,-1.13908509671018,-0.547272785874655,-0.369246131282457,-0.367768654479326,0.251691793909931,0.404425328160255,-0.135510493390068,-0.197020157982084,-0.366072847822197,0.0550395825211187,-0.134005457343376
"295",1,"47",8,1,1,"61",-2.52198868295506,-1.69811233366969,0.948897960706092,1.32133787017297,0.566426771576561,0.500349724735991,-1.33082690230293,-1.86175107963428,-0.870973782410321,-1.53200996445858,-0.0374658778154913,-0.739102965283593,-1.61805347251878
"296",1,"9",9,1,1,"21",1.93366277729327,-0.00265198206436628,-0.981501469735363,0.0100321466307784,0.291228858970967,0.199331230778314,0.0134891363144794,1.0947375262269,0.431589391867572,-0.435222815577536,0.191232084683237,0.715514572774543,-0.501063883979582
"297",0,"47",9,0,1,"61",-1.20411994119147,-0.771726780730701,0.003396198857216,1.59999033642569,1.77729758704117,1.61792892651252,-0.404001885742132,-0.543882337870688,0.246605419366208,-0.605184947897779,0.241186588437226,0.471767850181017,-0.691667919579788
"298",1,"49",9,1,1,"51",0.302015763681204,0.923733570874628,2.2489628832483,0.305075934427773,0.896664266703272,0.923820735946063,0.943481630640547,0.21441515242979,0.104093272439883,-0.211988506726462,-0.0102445759651734,0.240798173529894,-0.222856901886267
"299",1,"69",9,1,1,"21",0.469364175333723,1.30827097020779,1.0276897741935,-0.957055824481591,-0.149087801197982,-0.16545994309399,1.06195402535866,0.481126683500993,0.0743917637866471,-0.146341174820872,0.0382464169366474,0.146772220056316,-0.16313707850498
"300",1,"82",9,1,1,"20",0.908653755921586,1.01112843435944,-2.36035820576497,-0.153881068811996,-2.5708294321272,-1.52092397091591,0.937148658359329,0.230104066022214,0.110873027652529,0.439653450166891,0.655652861771098,-0.330237495126712,0.332100481242281
"301",1,"88",9,1,1,"18",1.1387578219438,0.224574662996142,0.357959359550544,0.19033668361783,0.126110111407611,0.211787315443664,0.262458045112934,0.209185514565649,0.329630241133957,0.170095935894182,0.368804734746243,0.247678121345034,0.104873836181773
"302",0,"147",9,0,1,"31",0.469364175333723,0.416843362662725,-0.0753956146301903,-0.252228998077661,1.17186217930887,0.774737466806971,0.358120236772594,-0.282400444663626,-0.432832488526635,-0.239781438354782,-0.51632662864474,-0.302717703866153,-0.148571267924178
"303",1,"53",10,1,1,"76",0.594875484073113,0.381885417268801,0.357959359550544,-0.285011641166216,0.786585101661035,0.499942937469749,0.318842719183518,-0.0776974768386697,0.455177578450661,0.488638075969935,0.96708797111237,0.0707651775271525,NA
"304",1,"74",10,1,1,"20",0.0509931462024248,-0.090046845549177,-0.981501469735363,-0.612838072051765,-0.0940482186768633,-0.315133850695755,-0.189231423912119,-0.585719440783818,-0.629383488509886,-0.969691284550874,-0.557304932505433,-0.311890967619672,-0.914732904474352
"305",1,"117",10,1,1,"21",0.615794035529678,1.27331302481387,0.239771639319435,1.45246844252719,0.896664266703272,1.44630417245648,1.4946306947948,-0.188266963109084,0.271011065538643,0.31041877074442,0.327826430885549,0.128425692549277,0.262184590454432
"306",0,"133",10,0,1,"52",0.845898101551892,NA,NA,-2.02249172485963,0.18114969392873,-0.715255119591807,-0.93567595268935,-0.428830304859581,NA,NA,NA,NA,NA
"307",0,"138",10,0,1,"27",0.594875484073113,0.748943843905006,0.003396198857216,0.731250294578986,0.456347606534323,0.757945506808782,0.861123242244884,-0.132484159224911,-0.129906275495408,-0.291836498954746,-0.174840763138959,0,-0.273837238919074
"308",0,"144",10,0,1,"22",-0.471970640211698,0.242053635693104,0.515542986525357,0.288684612883495,0.401308024013205,0.435277342916524,0.297934192733821,-0.38350677670369,-0.297602136544745,-0.093124639598665,-0.311435109341272,-0.256851385098554,-0.0349579453939243
"309",1,"69",11,1,1,"21",-0.0745181625369647,1.76272426032881,1.69742018883645,-0.957055824481591,-0.369246131282457,-0.207085935158731,1.49020733211963,-0.0627556543696947,0.0327657717219056,0.281912131940098,0.0382464169366474,-0.0733861100281582,0.291316211616036
"310",0,"74",11,0,1,"20",0.783142447182197,1.41314480638957,0.988293867449795,0.0919887543521657,0.621466354097679,0.771624358956794,1.36350028851154,0.146429860195954,0.457374721142663,0.583040427872788,0.147521893898497,0.40362360515487,0.588458747464392
"311",0,"75",11,0,1,"20",-0.0535996110803998,0.626591035026271,-0.0359997078864872,-0.481707499697545,-0.424285713803575,-0.318999081939461,0.511430920410032,-0.230104066022214,-0.411348984837174,0.064460849909828,-0.241771992778092,-0.522876033950627,0.117983065704494
"312",1,"133",11,1,1,"52",1.70355871127105,NA,NA,0.960728796198871,1.77729758704117,1.68666978708116,0.448299183137984,0.428830304859581,NA,NA,NA,NA,NA
"313",1,"135",11,1,1,"36",1.22243202777006,1.41314480638957,NA,-0.38335957043188,0.016030946365374,0.18877226627709,1.27164343331872,0.156889135924237,-0.365211022496524,-0.0177360905611217,-0.475348324784046,-0.302717703866153,0.0786553771363296
"314",1,"138",11,1,1,"27",0.448445623877158,0.871296652783741,-0.232979241605003,0.731250294578986,0.291228858970967,0.676910692544648,0.976422209449761,-0.278914019420866,-0.210941089759542,-0.176537531749869,-0.174840763138959,-0.165118747563356,-0.151484430040339
"315",1,"75",12,1,1,"20",0.364771418050899,0.731464871208044,1.69742018883645,0.518163114503379,0.676505936618798,0.816971767673945,0.803474750267107,0.188266963109084,0.724621864776232,0.356504679766903,0.758098621422832,0.577915616471746,0.222856901886267
"316",0,"133",12,0,1,"52",1.68264015981449,NA,NA,0.960728796198871,1.17186217930887,1.25143132402713,0.448299183137984,0.407911753403016,NA,NA,NA,NA,NA
"317",0,"138",12,0,1,"27",1.1387578219438,1.44810275178349,0.751918426987576,1.25577258399586,0.621466354097679,1.22869914755914,1.62133377190425,0.411398178645777,0.340847365254951,0.468374030704615,0.349681526277919,0.165118747563356,0.425321668959412
