"","dummybitter","dummysweet","dummywater","javg","sex","age","policonserv","poliliberal","check_enjoy","check_sweet","check_bitter","check_neutral","check_disgusting","check_regular","study"
"1",0,1,0,86.4,1,20,1,0,4,6,2,4,5,3,1
"2",1,0,0,80.4,1,21,1,0,1,1,6,1,7,1,1
"3",0,0,1,48,1,22,0,0,2,2,6,3,5,2,1
"4",1,0,0,76.1,0,44,0,0,1,1,7,1,5,1,1
"5",0,1,0,100,1,18,1,0,2,7,1,1,4,3,1
"6",1,0,0,79.7,0,19,0,0,2,1,6,1,5,1,1
"7",0,0,1,57.6,0,23,0,0,4,1,1,7,1,4,1
"8",0,1,0,66.1,1,20,0,0,3,4,4,3,5,1,1
"9",1,0,0,53.7,0,32,0,0,4,5,3,2,3,3,1
"10",0,1,0,52.6,0,27,0,1,5,7,1,1,1,2,1
"11",0,0,1,45.9,1,24,0,0,4,1,1,7,1,6,1
"12",0,1,0,70.3,1,24,0,1,4,7,1,4,1,2,1
"13",0,0,1,74.7,0,21,1,0,6,1,1,7,1,7,1
"14",1,0,0,72.5,1,22,0,1,2,1,4,1,6,1,1
"15",0,0,1,55.1,1,20,0,1,4,1,1,7,1,7,1
"16",1,0,0,65.8,1,19,0,1,2,1,7,1,6,2,1
"17",0,1,0,61.4,1,21,0,1,6,7,1,2,2,2,1
"18",1,0,0,79.6,1,19,0,0,1,1,6,1,7,1,1
"19",0,0,1,55.8,0,31,1,0,5,4,1,5,1,6,1
"20",0,1,0,98.5,0,36,0,0,4,7,1,3,1,2,1
"21",0,1,0,56.9,0,22,0,0,4,4,4,7,1,4,1
"22",0,0,1,34.2,0,22,0,1,7,1,1,7,1,7,1
"23",0,0,1,89.7,1,28,0,0,4,1,1,7,1,7,1
"24",0,1,0,87.1,1,40,0,1,1,7,1,1,7,1,1
"25",1,0,0,84.9,1,49,0,0,1,1,6,1,5,1,1
"26",0,1,0,52.6,1,25,0,1,6,6,1,2,1,5,1
"27",1,0,0,79.7,1,21,0,1,1,2,2,6,6,1,1
"28",0,0,1,86.7,1,21,0,0,4,1,1,7,1,7,1
"29",0,0,1,62.6,1,18,0,1,4,1,1,7,1,7,1
"30",1,0,0,83.2,1,18,0,0,1,1,7,1,7,1,1
"31",0,1,0,83.5,1,33,0,0,3,6,1,1,5,1,1
"32",0,0,1,91.1,1,33,0,0,5,1,1,7,1,7,1
"33",1,0,0,64.7,1,68,0,0,1,1,7,1,7,1,1
"34",0,0,1,76.6,1,18,0,0,4,1,1,7,1,7,1
"35",1,0,0,76.8,1,20,1,0,1,1,7,3,7,2,1
"36",1,0,0,74.1,1,25,0,0,1,1,6,1,7,1,1
"37",0,0,1,57.6,0,30,1,0,3,1,1,7,1,7,1
"38",0,1,0,79,1,33,0,0,6,5,3,1,1,5,1
"39",0,0,1,65.1,0,18,1,0,5,4,4,7,1,7,1
"40",0,1,0,44.7,1,35,0,1,4,5,1,1,2,1,1
"41",0,1,0,49.6,1,NA,0,0,5,6,1,1,1,4,1
"42",0,0,1,49.6,0,22,0,1,4,4,4,7,1,7,1
"43",1,0,0,93.5,1,23,0,0,1,1,7,1,7,1,1
"44",1,0,0,64.8,1,39,0,1,1,1,7,1,6,1,1
"45",0,1,0,80.1,0,43,0,1,6,6,2,1,1,6,1
"46",0,0,1,66.7,0,21,0,0,4,4,4,7,1,4,1
"47",0,1,0,40.5,0,26,0,0,4,4,4,7,4,4,1
"48",1,0,0,71.7,1,21,0,0,1,1,6,1,7,1,1
"49",1,0,0,60.5,1,19,0,0,3,4,7,1,4,1,1
"50",0,0,1,79.3,1,21,0,0,4,1,1,4,1,7,1
"51",0,1,0,77,1,42,0,0,4,5,1,3,1,4,1
"52",0,1,0,73.8,1,18,0,1,6,6,1,2,1,6,1
"53",0,0,1,52.7,1,20,0,1,7,1,1,7,1,7,1
"54",1,0,0,99.3,1,19,0,1,1,1,7,1,7,1,1
"55",0,0,1,92.2,1,50,0,0,4,4,1,4,1,7,1
"56",0,1,0,66.9,1,21,0,0,4,6,3,4,1,3,1
"57",1,0,0,75.3,1,18,0,1,1,1,7,1,7,1,1
"58",0,0,1,68.9922480620155,0,21,0,1,4,4,4,7,1,5,2
"59",1,0,0,59.9483204134367,0,21,0,0,3,1,6,2,2,4,2
"60",0,0,1,68.2170542635659,0,21,0,1,4,1,1,4,1,6,2
"61",0,0,1,56.2015503875969,0,20,0,1,4,1,1,7,2,5,2
"62",0,0,1,83.2041343669251,0,20,1,0,5,2,1,4,1,7,2
"63",1,0,0,43.1524547803618,0,20,0,1,3,1,6,1,4,5,2
"64",1,0,0,63.0490956072351,0,20,0,1,4,2,6,1,2,4,2
"65",0,0,1,62.1447028423773,0,19,1,0,3,4,4,7,4,4,2
"66",0,1,0,71.8346253229974,0,22,0,1,5,5,1,2,1,6,2
"67",1,0,0,67.1834625322997,0,20,0,1,1,2,7,1,6,1,2
"68",0,1,0,64.7286821705426,0,20,0,1,5,5,5,1,1,6,2
"69",1,0,0,68.2170542635659,0,22,0,1,2,1,6,1,4,1,2
"70",0,0,1,79.9741602067184,0,20,1,0,4,1,1,7,1,7,2
"71",0,1,0,61.4987080103359,0,20,0,1,4,7,1,2,4,3,2
"72",0,0,1,71.9638242894057,0,21,0,1,4,4,1,7,1,6,2
"73",0,1,0,71.8346253229974,0,21,0,1,5,5,4,2,2,3,2
"74",0,0,1,49.0956072351421,0,20,0,1,4,1,1,4,1,2,2
"75",0,0,1,66.6666666666667,0,20,0,1,4,1,1,4,1,4,2
"76",0,0,1,71.9638242894057,0,20,0,1,4,1,1,7,1,6,2
"77",1,0,0,76.2273901808785,1,23,0,1,1,1,7,1,6,2,2
"78",0,0,1,94.702842377261,0,20,0,0,5,1,1,4,1,7,2
"79",0,0,1,64.2118863049096,0,22,0,0,4,1,1,7,1,4,2
"80",0,0,1,74.6770025839793,0,21,0,0,4,1,1,7,1,7,2
"81",1,0,0,68.733850129199,0,20,0,1,2,1,6,1,5,3,2
"82",1,0,0,80.3617571059431,1,20,0,0,2,1,7,1,5,2,2
"83",1,0,0,67.7002583979328,1,22,0,0,1,1,6,1,5,1,2
"84",0,1,0,73.7726098191214,0,20,0,1,6,7,1,1,1,5,2
"85",1,0,0,58.9147286821705,0,20,0,1,1,1,7,1,6,2,2
"86",1,0,0,67.4418604651163,0,22,0,1,1,1,6,1,3,1,2
"87",0,1,0,82.4289405684754,0,19,0,1,4,6,1,1,1,2,2
"88",0,0,1,63.5658914728682,0,20,0,1,6,1,1,4,1,7,2
"89",0,1,0,80.4909560723514,0,21,0,1,5,6,1,1,2,3,2
"90",0,0,1,40.5684754521964,0,21,0,1,3,1,1,7,1,7,2
"91",1,0,0,80.3617571059431,0,20,1,0,1,1,7,1,7,1,2
"92",1,0,0,81.0077519379845,0,20,0,1,1,1,7,1,7,1,2
"93",0,1,0,71.3178294573643,0,24,0,1,5,6,1,2,1,2,2
"94",0,0,1,75.5813953488372,0,20,0,1,4,1,1,7,1,7,2
"95",1,0,0,54.9095607235142,0,20,1,0,2,1,6,1,4,2,2
"96",1,0,0,68.6046511627907,1,19,0,1,1,2,6,1,6,1,2
"97",0,1,0,62.5322997416021,0,20,0,1,4,6,1,1,3,2,2
"98",0,0,1,79.9741602067183,0,20,0,0,6,1,1,7,1,7,2
"99",0,0,1,59.3023255813954,0,19,0,1,5,1,1,4,1,7,2
"100",1,0,0,74.2894056847545,0,21,0,0,1,1,5,1,6,1,2
"101",1,0,0,70.2842377260982,0,32,0,1,1,1,7,1,7,1,2
"102",0,0,1,51.2919896640827,1,22,0,1,4,1,1,7,1,4,2
"103",0,1,0,65.6330749354005,0,20,0,1,4,7,1,1,3,3,2
"104",0,0,1,80.3617571059431,0,21,1,0,4,1,1,7,1,5,2
"105",1,0,0,61.8863049095607,1,23,0,1,1,1,7,1,6,2,2
"106",1,0,0,77.5193798449612,0,22,0,1,3,1,5,3,4,1,2
"107",0,0,1,61.4987080103359,0,23,0,0,4,1,1,7,1,7,2
"108",0,0,1,61.2403100775194,0,20,0,1,5,1,1,4,3,6,2
"109",0,1,0,56.4599483204134,0,19,0,0,6,7,1,1,1,2,2
"110",0,1,0,75.968992248062,0,21,0,1,3,7,2,2,4,2,2
"111",0,1,0,85.0129198966408,0,19,0,1,4,6,1,2,1,3,2
"112",0,1,0,76.2273901808785,0,20,0,1,7,7,1,1,1,3,2
"113",0,1,0,62.2739018087855,0,20,0,0,4,5.5,1,3,2.5,2,2
"114",1,0,0,82.0413436692506,0,20,0,1,3,1,7,2,3,3,2
"115",0,1,0,54.2635658914729,1,19,0,1,5,7,1,1,2,4,2
"116",0,1,0,79.9741602067184,0,20,0,0,4,6,2,1,3,1,2
"117",1,0,0,41.343669250646,0,20,0,1,3,2,5,3,4,2,2
"118",0,1,0,NA,NA,NA,NA,NA,NA,NA,NA,NA,NA,NA,2
"119",0,1,0,71.7054263565891,0,20,0,1,4,6,2,4,4,1,2
"120",0,1,0,68.0878552971576,0,20,0,1,5,6,1,2,2,2,2
"121",0,1,0,59.1731266149871,0,18,0,0,1,5,1,4,4,2,2
"122",0,1,0,70.5426356589147,0,20,0,1,3,7,1,2,4,1,2
"123",1,0,0,62.6614987080103,1,19,0,1,3,1,7,1,2,2,2
"124",1,0,0,81.9444444444444,0,19,0,0,1,1,6,2,5,2,3
"125",0,1,0,72.979797979798,0,18,0,0,4,5,6,3,2,4,3
"126",1,0,0,76.8939393939394,0,19,0,1,1,1,7,1,7,1,3
"127",0,0,1,83.0900243309002,1,38,1,0,4,1,1,1,1,4,3
"128",0,1,0,32.8571428571429,1,20,1,0,3,5,1,3,5,2,3
"129",1,0,0,67.2979797979798,1,20,0,1,3,1,6,1,5,1,3
"130",1,0,0,73.2323232323232,1,23,0,1,2,3,5,2,5,1,3
"131",0,1,0,80.5555555555556,0,22,0,0,2,5,1,3,1,1,3
"132",0,1,0,81.5656565656566,0,21,0,0,5,5,1,5,1,6,3
"133",0,1,0,82.5757575757576,1,18,0,0,4,5,1,4,1,3,3
"134",1,0,0,84.160756501182,1,20,0,0,1,2,7,1,7,1,3
"135",1,0,0,66.3120567375886,1,22,0,1,1,1,7,1,7,1,3
"136",0,1,0,89.520202020202,1,24,0,1,5,6,1,2,1,5,3
"137",0,1,0,52.9040404040404,1,18,0,1,5,5,1,2,1,5,3
"138",0,1,0,58.7121212121212,1,20,0,1,6,7,2,1,2,6,3
"139",0,0,1,82.9545454545455,0,18,0,1,4,1,1,4,1,7,3
"140",0,0,1,69.3853427895981,1,19,0,0,6,1,1,7,1,7,3
"141",0,0,1,70.959595959596,1,19,0,0,5,1,1,7,1,7,3
"142",1,0,0,25,1,20,0,0,2,1,7,2,5,1,3
"143",1,0,0,74.1666666666667,1,18,0,0,1,1,7,1,3,1,3
"144",0,0,1,46.3095238095238,0,20,0,0,4,1,1,1,1,4,3
"145",0,0,1,47.1428571428571,1,19,0,1,3,1,1,7,1,1,3
"146",1,0,0,58.2142857142857,1,19,0,1,2,4,6,3,5,1,3
"147",0,1,0,80.4761904761905,1,25,0,0,4,5,3,3,1,2,3
"148",1,0,0,46.0714285714286,1,19,0,1,1,1,7,1,7,1,3
"149",0,0,1,68.3333333333333,1,21,0,1,1,1,2,2,2,3,3
"150",1,0,0,51.1904761904762,1,19,0,1,1,1,6,1,5,1,3
"151",0,0,1,87.6190476190476,1,21,0,0,4,1,1,7,1,7,3
"152",0,0,1,66.6666666666667,1,26,0,0,4,1,1,7,1,7,3
"153",1,0,0,66.4141414141414,1,21,0,0,1,1,7,2,6,1,3
"154",0,1,0,71.8434343434344,0,18,1,0,4,1,1,7,1,4,3
"155",1,0,0,41.9191919191919,1,19,0,1,1,1,6,2,5,1,3
"156",0,1,0,64.520202020202,0,26,0,1,7,7,1,1,1,7,3
"157",0,1,0,74.3686868686869,1,18,0,1,5,6,2,3,1,5,3
"158",0,0,1,50.7575757575758,1,26,0,1,4,4.5,1.5,4,4,4,3
"159",0,1,0,69.5707070707071,1,21,0,0,4,6,1,4,1,3,3
"160",0,0,1,72.8535353535353,1,21,0,0,4,1,1,7,1,4,3
"161",0,0,1,86.3636363636364,0,19,0,0,4,1,1,7,1,7,3
"162",1,0,0,88.8888888888889,1,19,0,1,1,1,7,2,7,1,3
"163",0,1,0,65.1515151515152,1,27,0,0,6,3,4,4,2,3,3
"164",0,0,1,43.5606060606061,0,18,0,1,6,1,1,7,1,6,3
"165",1,0,0,81.9444444444445,0,20,0,0,1,1,6,3,7,1,3
"166",0,0,1,91.7929292929293,1,25,0,0,7,4,1,7,1,1,3
"167",1,0,0,83.3333333333333,1,21,0,0,1,1,7,4,7,1,3
"168",0,1,0,69.1919191919192,1,18,0,0,5,7,1,1,2,4,3
"169",0,0,1,60.479797979798,0,19,0,1,4,1,1,7,1,4,3
"170",0,0,1,64.0151515151515,0,18,0,0,4,4,4,7,1,4,3
"171",1,0,0,67.0454545454546,1,23,0,1,1,1,6,2,6,1,3
"172",1,0,0,35.7323232323232,1,20,0,1,1,1,7,1,3,2,3
"173",0,1,0,95.0757575757576,0,18,0,1,6.5,5.5,1.5,2.5,1,6.5,3
"174",NA,NA,NA,61.7424242424243,0,18,0,0,4,4,4,7,4,5,3
"175",0,1,0,51.0714285714286,1,21,0,1,6,5,2,6,2,4,3
"176",0,0,1,65.1190476190476,1,19,0,0,7,1,1,4,1,7,3
"177",NA,NA,NA,37.2619047619048,0,22,0,1,2,1,1,4,5,2,3
"178",1,0,0,57.1428571428571,1,19,0,1,1,1,7,1,7,1,3
"179",0,1,0,71.1904761904762,1,18,0,0,5.3,6.7,4.2,2.5,1.8,4.1,3
"180",0,0,1,45.5952380952381,1,22,0,1,4,1,2,7,1,3,3
"181",0,0,1,54.7619047619048,1,18,1,0,4,1,3,3,1,3,3
"182",1,0,0,82.0833333333333,1,26,0,1,3,2,6,1,5,1,4
"183",1,0,0,83.9285714285714,0,16,0,0,1,1,6,2,7,1,4
"184",1,0,0,72.7976190476191,1,19,0,1,1,1,7,1,7,1,4
"185",0,0,1,72.2619047619048,0,19,0,1,4,1,1,7,1,7,4
"186",0,1,0,74.6428571428572,0,21,0,0,6,6,1,6,1,5,4
"187",1,0,0,72.7976190476191,0,20,0,0,1,1,6,1,4,1,4
"188",1,0,0,64.7619047619048,0,19,0,1,1,1,6,1,6,1,4
"189",1,0,0,56.1904761904762,0,21,0,1,1,1,7,1,7,1,4
"190",0,0,1,83.1547619047619,0,20,1,0,4,1,1,7,1,7,4
"191",0,0,1,75.8333333333333,0,20,0,1,4,1,1,7,1,7,4
"192",0,0,1,77.6190476190476,0,20,1,0,5,1,1,4,1,5,4
"193",0,1,0,66.9642857142857,0,22,0,1,7,7,6,2,2,6,4
"194",0,0,1,49.1666666666667,1,21,0,1,4,1,1,7,1,5,4
"195",1,0,0,69.9404761904762,1,19,0,1,5,2,6,5,3,3,4
"196",0,1,0,61.6666666666667,0,18,1,0,5,6,2,2,1,5,4
"197",0,1,0,85.1785714285714,0,19,0,1,7,7,1,1,1,7,4
"198",0,1,0,68.0357142857143,0,23,0,0,4,6,1,1,2,3,4
"199",0,1,0,63.0952380952381,1,19,1,0,6,5,3,3,2,6,4
"200",0,1,0,78.1547619047619,1,20,1,0,5,5,2,2,1,6,4
"201",1,0,0,52.1428571428571,1,21,0,1,1,2,6,2,6,1,4
"202",0,0,1,69.1071428571429,0,21,0,1,4,1,1,7,1,5,4
"203",1,0,0,75.5952380952381,0,20,0,0,1,1,6,1,5,1,4
"204",0,0,0,NA,0,NA,0,0,NA,NA,NA,NA,NA,NA,4
"205",0,0,1,57.3809523809524,1,19,0,1,4,5,2,3,2,5,4
"206",1,0,0,67.7976190476191,1,18,0,1,2,1,7,1,6,1,4
"207",0,0,1,83.3333333333333,1,19,0,0,4,4,5,3,4,4,4
"208",0,1,0,84.0476190476191,0,19,1,0,5,5,1,1,2,3,4
"209",1,0,0,59.5238095238095,0,22,0,1,1,1,7,1,5,1,4
"210",1,0,0,84.4047619047619,0,20,0,0,1,1,6,1,7,1,4
"211",0,1,0,55.9523809523809,0,20,0,1,4,5,1,3,1,4,4
"212",0,0,1,79.5238095238095,0,21,0,1,4,1,1,7,4,4,4
"213",1,0,0,78.9285714285714,1,20,0,1,1,1,7,1,7,1,4
"214",0,0,1,55.2976190476191,0,18,0,1,6,4,1,7,1,7,4
"215",1,0,0,57.7976190476191,1,19,0,1,2,2,6,2,6,1,4
"216",0,1,0,66.6666666666667,1,18,1,0,5,6,2,2,3,3,4
"217",1,0,0,70.1785714285714,1,21,1,0,1,1,7,1,7,1,4
"218",0,0,1,75.8333333333333,1,24,1,0,5,1,1,5,1,6,4
"219",1,0,0,61.1904761904762,0,24,0,1,1,1,7,1,7,1,4
"220",1,0,0,67.4404761904762,1,19,1,0,1,2,3,6,7,1,4
"221",0,1,0,79.4047619047619,0,20,0,0,6,6,1,2,1,1,4
"222",1,0,0,78.4523809523809,0,23,0,0,1,1,7,2,5,2,4
"223",0,1,0,89.7619047619048,0,19,1,0,7,6,1,2,1,7,4
"224",1,0,0,57.6190476190476,0,20,1,0,1,1,7,1,7,1,4
"225",0,0,1,75.1190476190476,1,18,0,0,4,2,2,6,2,3,4
"226",1,0,0,69.8809523809524,0,21,0,0,1,1,7,1,7,1,4
"227",1,0,0,58.0952380952381,0,20,0,1,1,1,7,1,7,1,4
"228",0,1,0,66.4285714285714,0,18,0,1,7,7,1,1,1,7,4
"229",1,0,0,56.1904761904762,0,21,0,1,1,1,7,1,2,1,4
"230",1,0,0,82.6190476190476,1,24,0,0,2,1,6,1,5,1,4
"231",1,0,0,61.9047619047619,0,19,0,1,1,1,7,3,7,1,4
"232",0,1,0,73.4523809523809,1,19,0,0,6,6,5,2,1,4,4
"233",0,1,0,69.5238095238095,1,22,0,0,5,7,1,1,1,2,4
"234",0,1,0,48.0952380952381,0,21,0,1,6,6,1,2,1,7,4
"235",0,0,1,36.1904761904762,0,25,0,1,5,1,1,7,1,4,4
"236",0,0,1,67.5,1,20,1,0,3,3,6,1,3,2,4
"237",0,0,1,88.3333333333333,0,19,0,0,4,1,1,5,1,4,4
"238",0,0,1,62.5595238095238,0,21,NA,0,3,1,3,5,6,3,4
"239",0,1,0,95.1190476190476,1,24,0,0,4,6,5,4,3,5,4
"240",1,0,0,97.8571428571429,0,18,0,1,1,1,7,1,7,1,4
"241",0,1,0,54.5238095238095,0,18,0,1,7,7,3,3,1,7,4
"242",0,1,0,68.0952380952381,0,18,0,0,4,6,1,2,4,2,4
"243",1,0,0,68.0952380952381,0,18,0,1,1,1,7,1,7,1,4
"244",0,0,1,70.2380952380952,0,34,0,0,3,1,1,7,4,4,4
"245",0,0,1,60.4761904761905,0,20,0,1,4,1,4,6,1,6,4
"246",0,1,0,87.3809523809524,0,21,0,1,6,7,1,3,1,5,4
"247",0,1,0,76.4285714285714,1,18,1,0,6,6,2,2,1,5,4
"248",0,0,1,38.5714285714286,1,20,0,1,4,3,3,7,1,4,4
"249",0,1,0,90.2380952380952,0,23,0,1,5,7,1,1,1,1,4
"250",0,1,0,55.7142857142857,1,19,0,0,6,6,3,1,2,4,4
"251",1,0,0,87.5595238095238,1,20,0,1,1,1,4,5,7,1,4
"252",0,0,0,NA,0,NA,0,0,NA,NA,NA,NA,NA,NA,4
"253",0,1,0,64.7619047619048,0,19,0,0,6,6,1,1,1,3,4
"254",0,1,0,80.3571428571429,1,19,0,1,4,7,1,2,4,5,4
"255",1,0,0,69.2857142857143,0,19,1,0,2,1,5,1,6,1,4
"256",0,1,0,65.8333333333333,0,20,0,1,4,5,1,3,2,2,4
"257",1,0,0,82.1428571428572,0,19,0,1,1,1,7,1,7,1,4
"258",0,0,1,90.4761904761905,0,25,0,1,4,1,5,3,1,6,4
"259",1,0,0,55.2380952380952,0,36,1,0,2,1,5,1,6,1,4
"260",0,1,0,81.9047619047619,1,22,1,0,4,5,5,3,3,2,4
"261",0,1,0,76.1904761904762,1,19,0,0,4,5,3,2,2,4,4
"262",0,1,0,81.0119047619048,0,19,0,0,7,7,1,1,1,7,4
"263",1,0,0,69.5238095238095,1,20,1,0,1,1,5,3,7,1,4
"264",1,0,0,66.5476190476191,0,18,0,1,2,1,6,3,5,1,4
"265",0,1,0,70.1190476190476,0,20,1,0,6,7,1,1,1,4,4
"266",1,0,0,56.8452380952381,0,20,0,0,1,1,6,2,7,1,4
"267",0,1,0,61.3095238095238,0,19,0,1,4,6,5,3,5,1,4
"268",1,0,0,72.3809523809524,0,22,0,0,1,1,7,1,7,1,4
"269",0,1,0,67.2619047619048,0,23,NA,0,6,6,1,3,1,3,4
"270",1,0,0,76.4285714285714,0,19,0,1,1,1,7,1,7,1,4
"271",0,0,1,80.4761904761905,1,19,1,0,4,4,4,4,1,4,4
"272",0,1,0,56.7857142857143,1,19,0,1,5,6,3,1,2,5,4
"273",1,0,0,57.1428571428571,0,21,1,0,1,1,5,1,7,1,4
"274",0,1,0,67.3809523809524,1,19,0,1,6,6,1,2,1,6,4
"275",0,1,0,90,1,19,0,0,5,4,4,3,1,5,4
"276",0,0,1,85.7142857142857,0,19,0,1,4,5,1,7,1,7,4
"277",0,1,0,45.7142857142857,0,20,0,0,5,6,1,3,1,4,4
"278",1,0,0,65.3571428571429,1,18,1,0,1,1,7,1,6,1,4
"279",1,0,0,100,0,20,0,1,1,1,7,1,7,1,4
"280",1,0,0,57.0238095238095,1,20,0,0,1,1,7,2,6,1,4
"281",0,0,1,100,0,22,0,0,4,4,4,4,1,4,4
"282",0,0,1,81.0714285714286,1,21,0,1,4,1,1,7,1,4,4
"283",1,0,0,47.6190476190476,0,19,0,0,2,1,2,2,4,1,4
"284",1,0,0,72.2619047619048,0,18,0,0,2,2,6,1,6,1,4
"285",0,0,1,64.7619047619048,1,19,1,0,7,1,1,7,1,7,4
"286",0,1,0,NA,1,19,0,0,5,7,1,1,1,2,5
"287",0,1,0,73.3333333333333,0,30,0,0,4,7,7,7,1,1,5
"288",0,1,0,82.2619047619047,1,19,1,0,6,6,1,1,1,5,5
"289",0,0,1,56.1904761904762,0,19,0,1,4,4,5,4,1,4,5
"290",0,1,0,63.6904761904762,0,26,0,0,2,5,2,1,5,1,5
"291",0,0,1,77.7380952380952,0,19,0,0,6,1,1,4,1,7,5
"292",1,0,0,81.1904761904762,0,19,0,1,1,1,7,1,7,1,5
"293",0,0,1,75,0,39,0,0,4,1,1,4,1,6,5
"294",0,0,1,88.6904761904762,0,19,0,1,4,1,1,7,1,7,5
"295",1,0,0,67.8571428571429,0,24,0,1,1,1,7,1,7,1,5
"296",0,1,0,81.0714285714286,0,19,0,1,5,4,1,4,1,2,5
"297",0,0,1,88.9285714285714,0,20,0,0,4,1,1,4,1,7,5
"298",0,1,0,78.2142857142857,0,19,0,0,4,5,2,7,4,2,5
"299",0,0,1,65.5952380952381,0,20,0,0,4,1,1,4,1,4,5
"300",0,1,0,60.952380952381,0,19,0,0,5,7,4,6,1,7,5
"301",0,1,0,82.9761904761905,0,20,0,1,6,7,1,1,1,6,5
"302",0,1,0,71.7857142857143,0,19,0,1,7,7,1,1,1,6,5
"303",1,0,0,67.5,0,46,0,0,1,1,7,1,7,1,5
"304",1,0,0,91.6666666666667,0,19,1,0,1,1,7,1,7,1,5
"305",0,0,1,90.7142857142857,0,20,1,0,4,1,1,1,1,5,5
"306",0,0,1,64.0476190476191,0,20,1,0,4,1,1,4,1,3,5
"307",0,0,1,84.4047619047619,0,21,0,0,4,1,1,7,1,6,5
"308",0,0,1,65.3571428571429,1,19,0,1,6,1,1,7,1,6,5
"309",0,1,0,77.0238095238095,1,19,0,0,6,7,3,1,1,7,5
"310",1,0,0,82.8571428571428,1,24,0,0,4,1,7,4,5,1,5
"311",1,0,0,96.0714285714286,0,19,0,0,1,1,7,1,7,1,5
"312",0,1,0,77.6190476190476,0,18,0,1,4,5,4,3,4,3,5
"313",0,0,1,83.3333333333333,0,19,0,0,5,1,1,7,1,5,5
"314",0,1,0,66.6666666666667,0,18,0,0,4,6,1,3,1,3,5
"315",0,0,1,95,0,19,1,0,4,1,5,4,1,4,5
"316",1,0,0,58.3333333333333,0,19,1,0,1,1,7,1,7,1,5
"317",1,0,0,84.2857142857143,1,53,0,0,1,1,7,1,7,1,5
"318",1,0,0,NA,NA,NA,NA,NA,NA,NA,NA,NA,NA,NA,5
"319",0,1,0,61.7857142857143,0,34,0,0,4,5,2,3,1,4,5
"320",1,0,0,NA,0,18,0,0,1,1,7,1,7,1,5
"321",0,1,0,82.0238095238095,0,36,0,0,4,5,1,4,1,3,5
"322",0,0,1,84.6428571428571,0,23,0,1,4,1,1,6,1,5,5
"323",0,0,1,57.9761904761905,0,18,0,0,4,1,1,4,1,7,5
"324",0,0,1,87.6190476190476,0,19,0,1,4,1,1,7,1,7,5
"325",0,1,0,83.3333333333333,1,19,1,0,7,1,1,7,1,1,5
"326",1,0,0,NA,0,NA,NA,NA,NA,NA,NA,NA,NA,NA,5
"327",1,0,0,62.5,0,19,0,0,2,1,7,1,6,1,5
"328",1,0,0,69.5238095238095,0,18,0,1,1,1,7,6,7,2,5
"329",1,0,0,56.0714285714286,1,28,0,1,1,1,7,1,7,1,5
"330",0,1,0,60,0,29,0,0,4,5,3,4,1,2,5
"331",1,0,0,83.2142857142857,0,19,0,0,1,1,7,1,7,1,5
"332",1,0,0,NA,NA,NA,NA,NA,NA,NA,NA,NA,NA,NA,5
"333",0,0,1,65,1,18,0,0,4,1,1,7,1,4,5
"334",0,1,0,70,0,19,0,0,4,2,5,3,4,2,5
"335",0,1,0,88.5714285714286,0,19,0,0,4,5,1,4,1,4,5
"336",1,0,0,58.0952380952381,0,19,0,1,1,1,7,1,6,1,5
"337",0,0,1,76.1904761904762,0,30,1,0,4,1,1,7,1,7,5
"338",0,0,1,77.7380952380952,0,20,0,0,7,1,1,7,1,7,5
"339",1,0,0,90.8333333333333,1,31,0,0,1,1,7,1,7,1,5
"340",0,0,1,73.0952380952381,0,26,0,0,4,1,1,7,1,7,5
"341",0,1,0,85.3571428571428,0,21,0,0,2,7,1,1,4,1,5
"342",0,1,0,46.3095238095238,1,18,0,0,6,6,1,1,1,4,5
"343",0,0,1,67.3809523809524,0,18,0,1,4,1,1,7,1,6,5
"344",1,0,0,97.8571428571428,0,NA,0,0,1,1,6,4,7,2,5
"345",0,0,1,80.9523809523809,0,19,0,0,4,1,1,4,1,2,5
"346",0,0,1,80.5952380952381,1,19,1,0,7,1,1,7,1,7,5
"347",1,0,0,66.6666666666667,0,19,0,0,1,1,7,2,7,1,5
"348",0,1,0,92.7380952380952,1,19,0,1,4,7,1,1,2,4,6
"349",0,1,0,59.5238095238095,0,20,0,1,6,6,1,2,1,6,6
"350",1,0,0,71.3095238095238,0,21,0,1,1,1,7,2,4,1,6
"351",1,0,0,73.4523809523809,0,49,0,1,1,1,4,1,4,1,6
"352",1,0,0,85.3571428571428,0,21,0,0,1,1,6,2,5,1,6
"353",0,1,0,76.9047619047619,0,20,0,0,5,5,1,2,1,7,6
"354",0,0,1,70.9523809523809,0,22,0,1,4,1,1,7,1,7,6
"355",0,0,1,83.6904761904762,0,24,0,0,4,5,1,3,1,4,6
"356",1,0,0,80.7142857142857,1,20,0,1,1,1,5,3,7,4,6
"357",1,0,0,52.8571428571429,1,23,0,0,5,2,5,1,1,2,6
"358",0,0,1,90.1190476190476,1,19,0,0,4,1,1,7,1,7,6
"359",0,0,1,67.9761904761905,0,32,0,0,7,4,4,4,1,7,6
"360",1,0,0,67.0238095238095,0,30,0,0,1,2,6,1,7,1,6
"361",0,1,0,75.1190476190476,0,20,0,0,6,7,1,1,1,7,6
"362",0,0,1,91.6666666666667,1,19,0,1,4,4,4,7,4,5,6
"363",0,0,1,69.8809523809524,0,24,0,1,4,1,1,6,1,4,6
"364",0,1,0,82.6190476190476,1,23,0,0,2,3,2,1,5,1,6
"365",0,0,1,73.9285714285714,0,22,0,0,4,4,1,7,1,6,6
"366",1,0,0,57.1428571428571,1,24,0,0,2,1,6,2,1,1,6
"367",0,0,1,79.6428571428572,0,22,0,0,1,1,1,2,1,7,6
"368",1,0,0,72.3809523809524,0,25,0,0,1,1,7,1,7,1,6
"369",0,0,1,72.8571428571429,0,19,0,1,6,1,1,4,1,7,6
"370",0,1,0,32.9761904761905,1,22,0,0,2,4,4,1,2,4,6
"371",0,0,1,70.952380952381,1,20,0,0,4,5,3,4,1,4,6
"372",1,0,0,67.0238095238095,1,20,0,1,2,1,6,1,4,1,6
"373",0,1,0,64.1666666666667,1,19,0,1,6,5,5,3,1,6,6
"374",0,1,0,75.1190476190476,0,24,0,0,4,6,1,3,1,2,6
"375",0,0,1,66.6666666666667,0,20,0,1,4,1,1,4,1,4,6
"376",1,0,0,58.3333333333333,1,22,0,1,2,2,6,1,6,1,6
"377",0,1,0,61.547619047619,1,20,0,1,3,2,6,2,5,1,6
"378",1,0,0,79.4047619047619,0,21,0,0,1,1,7,1,7,1,6
"379",1,0,0,74.2857142857143,1,20,0,1,1,1,7,1,7,1,6
"380",1,0,0,85.2380952380952,0,22,0,0,1,1,7,6,6,1,6
"381",1,0,0,41.1904761904762,1,20,0,0,1,1,6,1,6,1,6
"382",1,0,0,66.1904761904762,1,22,0,1,2,1,6,3,3,2,6
"383",1,0,0,85.2380952380952,1,20,1,0,1,1,5,2,6,1,6
"384",0,0,1,33.0952380952381,0,19,0,0,3,1,1,4,3,1,6
"385",1,0,0,97.9761904761905,1,22,0,1,1,1,7,1,7,1,6
"386",0,1,0,78.6904761904762,1,30,0,1,4,6,1,1,1,4,6
"387",1,0,0,74.2857142857143,0,21,0,0,1,1,7,1,7,1,6
"388",NA,NA,NA,NA,NA,NA,NA,NA,NA,NA,NA,NA,NA,NA,6
"389",1,0,0,90,0,20,0,1,1,1,7,1,7,1,7
"390",1,0,0,58,1,23,0,1,2,NA,6,2,3,1,7
"391",0,1,0,80.8333333333333,0,21,0,1,6,6,1,5,1,1,7
"392",0,0,1,60.6666666666667,0,22,0,1,5,1,1,7,1,6,7
"393",0,1,0,72,0,19,0,1,6,6,1,3,1,5,7
"394",1,0,0,89,0,22,0,1,1,1,7,6,7,1,7
"395",1,0,0,67.8333333333333,0,19,0,1,2,2,7,2,3,1,7
"396",0,0,1,62.8,1,38,0,0,NA,1,1,7,1,5,7
"397",0,1,0,95.8333333333333,0,19,0,1,5,6,1,NA,1,3,7
"398",0,0,1,79.5,0,19,0,1,NA,1,1,7,1,NA,7
"399",0,0,1,67.8333333333333,0,19,0,0,NA,1,1,7,1,6,7
"400",0,0,1,59.1666666666667,0,19,0,1,NA,1,1,7,1,6,7
"401",0,0,1,76.6,1,22,0,1,NA,1,1,7,1,NA,7
"402",0,1,0,61,0,18,0,1,2,6,1,2,5,1,7
"403",0,0,1,55.5,0,21,0,1,5,3,1,7,1,7,7
"404",0,0,1,73.6666666666667,1,20,0,1,5,1,1,NA,1,7,7
"405",0,1,0,80.5,0,20,0,1,5,6,1,3,1,4,7
"406",0,1,0,62.75,1,22,0,1,6,7,1,NA,1,1,7
"407",0,1,0,57.1666666666667,0,20,0,0,5,5,1,3,1,1,7
"408",0,0,1,70.2,0,21,0,0,NA,1,1,7,1,NA,7
"409",0,1,0,70.4,1,21,0,1,NA,NA,6,1,2,NA,7
"410",0,0,1,55.1666666666667,0,21,0,1,NA,1,1,7,1,5,7
"411",1,0,0,57.8333333333333,0,21,0,1,1,1,7,1,7,1,7
"412",0,0,1,80.3333333333333,0,21,0,0,NA,2,1,7,1,7,7
"413",1,0,0,57.8333333333333,0,18,0,1,1,1,7,1,6,1,7
"414",1,0,0,75.1666666666667,1,23,0,1,1,1,7,1,7,1,7
"415",1,0,0,67,0,19,0,1,1,1,7,1,7,1,7
"416",0,0,1,47.8333333333333,0,20,0,1,NA,1,1,7,1,7,7
"417",0,0,1,42,1,20,0,1,5,1,1,NA,1,7,7
"418",0,1,0,70,0,18,0,1,3,6,1,3,5,3,7
"419",1,0,0,64,1,21,0,0,1,1,7,1,6,1,7
"420",0,0,1,68.5,1,21,0,1,5,2,1,5,1,3,7
"421",0,0,1,72.6666666666667,0,18,0,1,4,2,5,3,1,7,7
"422",1,0,0,76.3333333333333,0,21,0,0,1,1,7,1,6,1,7
"423",1,0,0,70.3333333333333,0,21,0,1,1,2,6,2,3,1,7
"424",0,0,1,69.6666666666667,0,20,0,1,5,2,2,NA,2,2,7
"425",0,1,0,50.2,0,22,0,0,6,6,1,1,1,5,7
"426",0,0,1,70.2,0,20,0,0,7,1,1,7,1,7,7
"427",0,1,0,55.8333333333333,0,19,0,1,5,7,3,1,2,4,7
"428",0,0,1,53.6666666666667,0,21,0,1,6,1,1,7,1,7,7
"429",0,1,0,87,0,19,0,1,5,6,3,1,3,3,7
"430",0,1,0,78.8333333333333,0,21,0,1,6,6,1,2,1,NA,7
"431",0,0,1,41.4,0,22,0,0,NA,2,1,7,1,7,7
"432",0,1,0,65.1666666666667,1,21,0,1,5,6,3,3,1,4,7
"433",0,0,1,55.6,1,19,0,1,5,1,1,7,1,7,7
"434",1,0,0,67.1666666666667,0,21,0,1,1,1,6,NA,7,1,7
"435",0,1,0,50.5,0,21,0,1,7,7,1,1,1,6,7
"436",0,1,0,58.6666666666667,1,21,0,1,3,5,1,2,4,1,7
"437",0,0,1,74.1666666666667,1,22,0,1,6,3,1,7,1,7,7
"438",0,0,1,67.5,1,20,0,1,5,1,1,7,1,7,7
"439",0,0,1,51.5,1,19,0,0,NA,4,NA,7,1,7,7
"440",1,0,0,67.8333333333333,0,21,0,0,1,1,7,1,7,1,7
"441",0,1,0,66.1666666666667,0,22,0,1,7,6,2,1,1,5,7
"442",1,0,0,47.1666666666667,1,20,0,1,1,1,7,1,7,1,7
"443",0,0,1,62.1666666666667,1,21,0,1,6,1,1,7,1,7,7
"444",0,1,0,91,0,20,1,0,5,6,1,2,1,NA,7
"445",1,0,0,76.6,0,22,0,0,1,1,7,1,1,1,7
"446",0,1,0,46,0,18,0,1,5,6,1,1,3,1,7
"447",0,0,1,99.6,1,19,0,1,5,1,1,4,2,4,7
"448",0,1,0,90.3333333333333,1,18,0,0,5,5,1,3,1,NA,7
"449",0,1,0,74.5,0,21,0,1,6,6,1,1,1,6,7
"450",1,0,0,83.3333333333333,0,19,0,1,2,2,7,1,5,1,7
"451",0,0,1,87.5,1,20,0,0,7,1,1,7,1,7,7
"452",1,0,0,48.1666666666667,0,22,0,1,1,1,7,1,7,1,7
"453",0,1,0,79,0,21,0,1,6,7,1,2,1,5,7
"454",1,0,0,41.3333333333333,0,21,0,1,2,1,6,2,3,4,7
"455",1,0,0,75.8333333333333,1,19,0,1,1,1,7,1,7,1,7
"456",1,0,0,76,1,21,0,0,1,1,7,1,7,1,7
"457",0,1,0,92.2,0,20,0,1,2,5,2,2,NA,2,7
"458",0,1,0,35,0,20,0,1,5,5,3,5,2,2,7
"459",1,0,0,51.6,1,20,0,1,1,1,6,3,5,1,7
"460",1,0,0,77.8333333333333,0,18,0,1,1,1,7,1,7,1,7
"461",1,0,0,40,0,19,0,1,1,1,6,1,6,1,7
"462",0,1,0,76.3333333333333,1,20,1,0,5,6,NA,3,1,NA,7
"463",0,0,1,64.5,0,21,0,0,4,1,1,7,1,7,7
"464",0,0,1,68.1666666666667,0,22,0,1,NA,1,1,7,1,7,7
"465",0,1,0,58,0,20,0,1,6,6,1,1,1,2,7
"466",0,1,0,70.6666666666667,0,21,0,1,6,6,1,1,1,5,7
"467",0,0,1,74.1666666666667,0,19,0,1,NA,2,1,NA,1,7,7
"468",1,0,0,82.5,0,NA,0,0,NA,NA,NA,NA,NA,NA,7
"469",0,1,0,57.5,0,22,0,1,5,5,1,3,2,2,7
"470",0,1,0,57.56666667,0,40,0,0,4,6,1,1,1,1,8
"471",1,0,0,89.85,0,19,0,0,1,1,7,1,7,1,8
"472",0,0,1,60.2,0,18,1,0,5,1,1,7,1,6,8
"473",1,0,0,69.25,1,24,0,0,4,1,7,2,4,3,8
"474",0,1,0,60.08333333,0,20,0,1,7,7,1,1,1,6,8
"475",1,0,0,71.88333333,0,22,0,1,1,1,7,1,7,1,8
"476",0,0,1,74.03333333,0,19,0,0,6,1,1,6,1,6,8
"477",0,1,0,48.53333333,1,27,0,0,6,6,1,1,1,6,8
"478",0,1,0,57.95,0,40,0,1,6,6,1,2,1,6,8
"479",0,0,1,78.18333333,1,43,0,0,6,4,4,7,1,7,8
"480",0,0,1,59.61666667,0,19,0,0,4,1,1,4,1,5,8
"481",1,0,0,47.8,0,23,0,0,4,1,5,3,4,1,8
"482",0,0,1,84.5,1,21,0,0,4,5,2,7,4,7,8
"483",1,0,0,81.26666667,0,21,0,0,1,1,7,1,7,1,8
"484",0,1,0,88.66666667,0,20,0,0,6,7,1,6,1,4,8
"485",1,0,0,54.96666667,0,42,0,1,2,1,6,1,6,1,8
"486",0,0,1,72.21666667,0,19,0,1,4,5,1,2,1,7,8
"487",0,1,0,84.61666667,0,18,0,1,3,7,2,1,5,1,8
"488",0,1,0,55.68333333,1,23,0,0,6,5,1,3,1,7,8
"489",1,0,0,84.95,1,23,0,0,1,1,4,1,7,1,8
"490",0,0,1,77.23333333,0,21,0,1,4,1,1,4,1,7,8
"491",0,1,0,41.63333333,0,20,0,0,4,5,5,4,3,4,8
"492",1,0,0,72.91666667,1,20,0,1,2,1,5,3,7,1,8
"493",0,1,0,58.3,1,21,0,0,5,4,4,4,2,4,8
"494",0,0,1,83.16666667,1,60,0,1,6,2,1,4,1,7,8
"495",0,0,1,51.15,0,21,0,0,4,1,1,7,1,7,8
"496",1,0,0,64.95,0,18,0,0,1,1,5,2,6,1,8
"497",0,1,0,58.76666667,0,21,0,1,6,7,1,2,1,7,8
"498",0,0,1,69.01666667,0,20,0,0,5,2,1,7,1,7,8
"499",1,0,0,62.58333333,0,18,0,0,1,2,7,3,6,1,8
"500",0,0,1,92.1,0,53,0,1,7,1,1,7,1,7,8
"501",1,0,0,82.46666667,0,19,0,0,1,1,3,1,7,1,8
"502",0,0,1,74.93333333,0,19,0,1,5,1,1,7,1,7,8
"503",0,1,0,86.4,0,42,0,0,7,6,2,4,1,7,8
"504",1,0,0,63.78333333,0,19,0,0,1,1,7,1,7,1,8
"505",0,0,1,94.4,0,49,0,1,4,1,1,7,1,7,8
"506",0,1,0,92.11666667,0,18,0,0,6,6,3,2,1,7,8
"507",0,1,0,83.33333333,1,39,0,0,5,6,2,2,1,4,8
"508",0,0,1,96.98333333,0,18,0,1,6,1,1,7,1,7,8
"509",1,0,0,64,0,19,0,1,1,1,7,1,7,1,8
"510",1,0,0,65.35,0,21,0,1,1,1,7,1,6,1,8
"511",0,1,0,73.2,1,18,0,1,1,6,2,3,6,1,8
"512",0,0,1,65.55,0,18,0,0,4,2,1,6,1,7,8
"513",0,1,0,81.3,0,22,0,0,5,7,1,1,4,3,8
"514",1,0,0,61.26666667,1,21,1,0,1,1,7,1,7,4,8
"515",1,0,0,91.9,0,26,0,0,1,1,7,1,6,1,8
"516",0,0,1,70.85,1,19,0,0,4,1,1,7,1,5,8
"517",0,1,0,73.35,0,18,0,1,4,3,1,7,1,7,8
"518",0,0,1,71.35,0,51,0,0,4,1,4,4,1,2,8
"519",1,0,0,78.18333333,0,19,0,0,1,1,5,1,7,1,8
"520",0,0,1,55.3,0,19,0,0,4,6,3,3,2,2,8
"521",0,1,0,54.03333333,0,20,0,0,7,7,1,1,1,5,8
"522",1,0,0,64.76666667,1,19,0,1,1,1,7,1,6,1,8
"523",0,1,0,92.06666667,0,19,1,0,7,7,1,1,1,7,8
"524",0,0,1,58.46666667,0,25,0,1,6,1,1,7,1,6,8
"525",0,1,0,83.33333333,1,20,0,1,6,6,1,3,2,4,8
"526",1,0,0,58.96666667,0,20,0,1,1,2,6,1,7,1,8
"527",0,0,1,65.12,0,20,0,0,4,1,1,7,1,7,8
"528",NA,NA,NA,NA,0,NA,0,0,NA,NA,NA,NA,NA,NA,8
"529",NA,NA,NA,NA,0,NA,0,0,NA,NA,NA,NA,NA,NA,8
"530",NA,NA,NA,NA,0,NA,0,0,NA,NA,NA,NA,NA,NA,8
"531",NA,NA,NA,NA,0,NA,0,0,NA,NA,NA,NA,NA,NA,8
"532",NA,NA,NA,NA,0,NA,0,0,NA,NA,NA,NA,NA,NA,8
"533",NA,NA,NA,NA,1,NA,0,0,NA,NA,NA,NA,NA,NA,8
"534",NA,NA,NA,NA,0,NA,0,1,NA,NA,NA,NA,NA,NA,8
"535",NA,NA,NA,NA,0,NA,1,0,NA,NA,NA,NA,NA,NA,8
"536",NA,NA,NA,NA,0,NA,0,0,NA,NA,NA,NA,NA,NA,8
"537",0,1,0,92.8333333333333,1,22,0,1,5,5,2,1,3,2,9
"538",1,0,0,48.3333333333333,1,19,0,1,4,1,5,1,2,3,9
"539",0,0,1,75.3333333333333,0,19,0,0,4,3,3,6,1,5,9
"540",1,0,0,91.5,0,19,0,1,3,1,7,1,5,2,9
"541",0,1,0,71.1666666666667,0,20,0,1,6,7,1,1,1,3,9
"542",1,0,0,63.8333333333333,0,18,0,1,2,1,6,1,5,1,9
"543",0,0,1,70.5,0,20,0,0,4,1,1,6,1,5,9
"544",1,0,0,76.3333333333333,0,19,0,1,1,1,7,1,7,1,9
"545",0,0,1,87.1666666666667,1,18,0,1,5,1,1,7,1,6,9
"546",0,1,0,78.8333333333333,1,19,0,0,4,6,2,1,1,5,9
"547",0,1,0,76.6666666666667,0,18,0,1,6,6,1,1,1,5,9
"548",1,0,0,65.6666666666667,0,21,0,1,1,1,7,1,7,1,9
"549",0,0,1,70.3333333333333,0,18,0,1,7,1,1,7,1,7,9
"550",0,1,0,63.1666666666667,1,18,0,1,7,5,1,1,1,7,9
"551",0,0,1,72,1,18,0,0,5,4,4,6,1,4,9
"552",1,0,0,78.6666666666667,0,19,0,0,1,1,7,1,7,1,9
"553",1,0,0,76.1666666666667,0,27,0,1,1,4,6,1,7,1,9
"554",0,0,1,62,0,19,0,1,4,1,1,7,1,7,9
"555",0,1,0,61.3333333333333,1,21,0,1,5,6,1,1,1,4,9
"556",0,0,1,63.8333333333333,0,19,0,1,4,1,1,7,1,4,9
"557",1,0,0,59.6666666666667,1,20,0,1,1,1,6,3,7,1,9
"558",1,0,0,91.6666666666667,0,20,0,0,1,1,7,1,7,1,9
"559",0,1,0,60,0,20,0,1,5,7,1,1,2,4,9
"560",0,0,1,80.5,0,19,0,1,4,1,1,7,3,5,9
"561",0,1,0,56.6666666666667,1,23,0,1,6,6,5,1,1,1,9
"562",0,0,1,100,1,23,0,1,4,1,1,1,1,4,9
"563",1,0,0,90.3333333333333,0,20,0,1,1,1,6,1,7,1,9
"564",0,1,0,66.8333333333333,0,19,0,0,4,6,3,5,1,4,9
"565",1,0,0,74.3333333333333,0,18,0,1,1,3,5,1,7,1,9
"566",0,1,0,73.5,0,19,0,0,5,7,1,1,2,3,9
"567",1,0,0,73.5,1,19,0,0,1,1,7,1,5,1,9
"568",0,0,1,77.3333333333333,1,22,0,0,4,3,2,6,1,6,9
"569",0,0,1,48.3333333333333,0,20,0,0,2,1,1,6,1,5,9
"570",0,1,0,73.5,0,18,0,1,3,2,6,4,5,2,9
"571",0,1,0,94.1666666666667,1,21,0,0,7,6,1,1,1,5,9
"572",1,0,0,62.1666666666667,0,24,0,1,1,1,7,1,7,1,9
"573",0,1,0,65.6666666666667,0,20,0,1,3,7,1,1,4,1,9
"574",0,0,1,72.5,1,24,0,1,4,1,1,7,1,7,9
"575",1,0,0,82.5,0,19,0,0,1,2,7,1,6,1,9
"576",0,0,1,55,1,21,0,1,5,4,4,1,1,7,9
"577",0,1,0,87.5,0,20,0,0,2,6,1,1,5,1,9
"578",0,0,1,82,0,27,0,1,4,1,5,3,2,3,9
"579",0,1,0,80.1666666666667,0,22,0,1,6,5,1,3,1,4,9
"580",0,0,1,72,0,21,0,0,4,1,1,7,1,6,9
"581",1,0,0,60.5,1,22,0,0,1,1,7,1,6,1,9
"582",0,1,0,59,0,18,0,1,5,5,1,1,2,4,9
"583",0,0,1,63.8333333333333,0,18,0,1,4,1,1,7,1,4,9
"584",1,0,0,68.5,0,19,0,1,1,1,7,2,6,1,9
"585",1,0,0,78.1666666666667,0,23,0,0,1,1,5,1,6,1,9
"586",0,1,0,77.6666666666667,0,18,0,1,5,6,1,3,1,4,9
"587",0,0,1,44.8333333333333,1,20,0,1,4,1,1,7,1,4,9
"588",1,0,0,75.8333333333333,0,18,0,0,1,1,6,1,5,1,9
"589",0,1,0,73.3333333333333,0,18,0,0,5,7,1,1,2,5,9
"590",0,0,1,73.1666666666667,0,18,0,1,4,1,1,7,1,5,9
"591",1,0,0,54.5,1,25,0,1,5,3,6,1,3,1,9
"592",0,0,1,90.5,0,18,0,0,7,4,4,7,1,7,9
"593",0,1,0,63.8333333333333,0,18,0,0,5,7,1,1,2,2,9
"594",0,1,0,76,0,20,0,1,4,5,2,3,2,4,9
"595",0,0,1,62.3333333333333,0,22,0,0,2,2,1,6,1,6,9
"596",1,0,0,69.1666666666667,1,19,0,1,3,2,7,1,2,1,9
"597",0,1,0,63.6666666666667,0,20,0,0,5,7,3,2,3,1,9
"598",0,1,0,73.5,0,35,0,0,5,5,2,1,1,3,9
"599",0,0,1,81.3333333333333,0,19,0,0,5,1,1,6,1,7,9
"600",1,0,0,63.1666666666667,0,21,0,0,1,2,7,1,6,1,9
"601",0,0,1,75.8333333333333,0,21,0,1,4,2,2,6,2,2,9
"602",0,1,0,91.1666666666667,0,20,0,0,4,7,1,1,5,1,9
"603",1,0,0,57.3333333333333,0,19,0,0,1,1,7,1,4,1,9
"604",0,1,0,78.8333333333333,1,19,0,1,4,5,2,5,1,5,9
"605",1,0,0,45.3333333333333,1,21,0,1,1,1,7,4,7,1,9
"606",0,0,1,53.5,0,20,0,0,4,1,1,7,1,4,9
"607",0,0,1,87.3333333333333,0,18,0,0,4,1,1,7,4,6,9
"608",1,0,0,87.8333333333333,0,19,0,0,1,1,7,1,7,1,9
"609",0,0,1,81.5,0,19,0,0,4,1,1,7,1,4,9
"610",0,1,0,70.3333333333333,0,19,0,0,6,5,1,2,1,5,9
"611",0,1,0,59,0,21,0,1,4,3,1,1,1,4,9
"612",1,0,0,58.1666666666667,0,20,0,0,2,1,6,2,5,1,9
"613",1,0,0,68.8333333333333,0,18,0,0,1,1,3,1,7,1,9
"614",0,0,1,65.8333333333333,0,18,0,1,7,4,1,7,1,7,9
"615",0,1,0,66.3333333333333,0,23,0,0,5,6,3,1,1,2,9
"616",0,0,1,84.6666666666667,0,19,0,1,3,1,1,7,4,4,9
"617",1,0,0,72.5,0,20,0,1,1,1,6,1,7,1,9
"618",0,1,0,78,0,19,0,0,4,7,1,2,1,3,9
"619",1,0,0,74.6666666666667,0,20,0,0,1,4,5,1,6,1,9
"620",0,0,1,13.6666666666667,0,18,0,0,4,2,2,7,1,5,9
"621",1,0,0,67.6666666666667,0,17,0,0,2,1,6,1,5,1,9
"622",0,0,1,82.8333333333333,0,18,0,1,4,1,1,7,1,3,9
"623",0,1,0,83.5,0,18,0,1,4,5,1,1,2,2,9
"624",1,0,0,78.3333333333333,0,17,0,1,1,1,6,1,7,1,9
"625",0,0,1,66.5,1,20,0,0,4,1,1,4,1,4,9
"626",0,1,0,76.5,0,19,0,1,6,6,1,2,1,3,9
"627",0,1,0,58.6666666666667,0,21,0,0,6,6,1,3,1,5,9
"628",1,0,0,57.5,0,22,0,1,2,1,5,2,5,3,9
"629",0,0,1,71.8333333333333,0,18,0,1,4,1,1,7,1,4,9
"630",0,1,0,64.6666666666667,0,18,0,1,4,6,1,3,1,3,9
"631",1,0,0,67.6666666666667,0,19,0,1,1,1,7,1,7,1,9
"632",0,1,0,54.6666666666667,0,22,0,1,4,6,5,2,2,3,9
"633",0,0,1,50.3333333333333,1,20,0,1,4,2,5,6,2,2,9
"634",0,1,0,83.6666666666667,0,21,0,1,4,6,1,1,3,3,9
"635",1,0,0,83.6666666666667,1,18,0,1,1,1,7,1,6,2,9
"636",0,0,1,91.6666666666667,0,18,0,1,6,4,4,6,1,7,9
"637",0,0,1,61.8333333333333,1,19,0,1,4,2,1,6,1,7,9
"638",0,1,0,73.8333333333333,0,20,0,1,5,7,1,1,1,4,9
"639",1,0,0,65,1,21,0,0,1,4,5,1,7,1,9
"640",1,0,0,75,0,19,0,0,3,3,6,1,5,2,9
"641",0,1,0,99.8333333333333,0,19,0,0,5,6,1,1,1,2,9
"642",0,0,1,63.1666666666667,1,32,0,1,3,1,6,3,1,1,9
"643",0,0,1,75.8333333333333,0,21,0,1,4,1,1,7,1,5,9
"644",0,1,0,39,0,23,0,1,6,5,1,3,1,7,9
"645",1,0,0,57,1,18,0,1,1,1,7,2,6,1,9
"646",0,1,0,88.1666666666667,0,19,0,0,3,6,2,1,4,1,9
"647",1,0,0,73.3333333333333,1,29,0,1,1,1,5,1,6,1,9
"648",0,0,1,84.8333333333333,0,23,0,1,4,1,1,7,1,7,9
"649",1,0,0,68.8333333333333,0,19,0,1,2,1,6,1,5,2,9
"650",0,1,0,61.3333333333333,1,19,0,1,4,5,2,2,3,2,9
"651",0,0,1,86.8333333333333,1,18,0,0,1,1,1,4,1,4,9
"652",0,0,1,62.8333333333333,1,20,0,1,4,5,1,3,3,2,9
"653",0,1,0,55.3333333333333,0,19,0,1,5,7,1,1,1,2,9
"654",1,0,0,61,0,20,0,0,1,1,5,2,4,1,9
"655",0,1,0,63.8333333333333,0,18,0,0,6,5,2,2,1,5,9
"656",1,0,0,83.8333333333333,0,19,0,0,1,1,6,1,7,1,9
"657",0,0,1,64.1666666666667,1,19,0,1,4,5,3,6,1,5,9
"658",0,1,0,72.1666666666667,1,18,0,1,4,6,1,4,2,1,9
"659",1,0,0,54.8333333333333,1,18,0,1,4,3,7,2,4,4,9
"660",0,0,1,74.6666666666667,0,20,0,0,5,1,1,7,1,7,9
"661",1,0,0,47.3333333333333,0,22,1,0,1,2,7,1,7,1,9
"662",0,0,1,64.8333333333333,1,21,0,0,4,1,1,4,1,5,9
"663",0,1,0,65.5,1,21,1,0,5,5,1,1,2,3,9
"664",1,0,0,100,0,19,0,1,1,1,7,1,7,1,9
"665",0,1,0,66,1,19,0,0,5,6,1,1,1,5,9
"666",0,0,1,57,0,18,0,0,4,1,1,7,1,4,9
"667",0,0,1,77.5,0,18,0,0,4,2,5,6,1,4,9
"668",1,0,0,77.3333333333333,1,19,0,0,2,1,7,2,3,1,9
"669",0,1,0,71.8333333333333,1,18,0,0,6,6,1,1,6,5,9
"670",0,1,0,53,0,18,0,0,6,6,1,2,1,6,9
"671",0,0,1,85.1666666666667,0,19,1,0,7,1,1,7,1,7,9
"672",0,1,0,68.6666666666667,0,20,0,0,5,5,2,1,1,5,9
"673",1,0,0,78.6666666666667,0,18,0,1,1,1,7,1,7,1,9
"674",1,0,0,60.5,0,22,0,1,1,1,5,1,3,1,9
"675",0,0,1,93.1666666666667,0,19,0,1,4,2,1,3,1,2,9
"676",0,1,0,59.3333333333333,0,18,0,0,6,5,1,1,1,3,9
"677",1,0,0,66.1666666666667,0,18,0,1,2,2,5,1,6,1,9
"678",0,0,1,71.3333333333333,0,18,0,1,4,1,1,7,1,1,9
"679",1,0,0,69.8333333333333,0,19,0,1,1,1,7,1,7,1,9
"680",0,0,1,64.5,0,19,0,0,4,5,1,6,1,4,9
"681",0,1,0,59.1666666666667,0,19,0,1,6,6,1,2,1,5,9
"682",1,0,0,50.3333333333333,0,24,0,0,1,1,7,1,7,1,9
"683",0,0,1,87.5,0,21,0,0,4,1,1,7,1,7,9
"684",0,1,0,57,0,19,0,0,4,7,1,1,3,2,9
"685",0,0,1,71.1666666666667,0,20,0,0,4,1,1,7,1,6,9
"686",1,0,0,79.6666666666667,0,18,0,1,1,1,3,1,7,1,9
"687",0,1,0,75.6666666666667,0,19,0,1,4,5,1,2,1,4,9
"688",1,0,0,87,0,18,0,1,2,3,5,1,3,2,9
"689",0,0,1,85.5,0,20,0,1,2,1,1,6,1,6,9
"690",0,0,1,69.1666666666667,0,21,0,1,4,4,1,7,1,7,9
"691",0,1,0,52,0,19,0,1,5,6,1,1,1,6,9
"692",1,0,0,72.1666666666667,0,21,0,0,1,1,7,1,6,1,9
"693",0,0,1,65.5,0,20,0,1,7,1,1,7,1,7,9
"694",0,1,0,47.1666666666667,0,18,0,1,5,7,1,1,1,6,9
"695",1,0,0,74.3333333333333,0,18,0,1,2,1,7,1,6,1,9
"696",0,0,1,66.6666666666667,0,18,0,1,4,1,1,7,1,5,9
"697",0,1,0,84.1666666666667,0,20,0,0,5,6,1,1,2,3,9
"698",0,0,1,80,0,21,1,0,1,1,1,7,1,1,9
"699",1,0,0,NA,NA,NA,NA,NA,NA,NA,NA,NA,NA,NA,9
"700",0,0,1,64,0,19,0,1,4,1,1,7,1,6,10
"701",0,0,0,50.4,1,19,0,0,1,1,6,1,7,1,10
"702",0,0,1,57.8333333333333,0,20,0,1,4,2,2,7,1,5,10
"703",0,1,0,74.8333333333333,1,22,0,1,3,7,1,1,4,2,10
"704",0,1,0,85.6666666666667,1,21,0,1,5,5,1,1,1,4,10
"705",1,0,0,79.5,1,19,0,1,3,1,5,1,5,3,10
"706",0,0,1,49.8333333333333,0,23,0,1,4,4,4,4,1,7,10
"707",0,1,0,100,1,22,1,0,7,7,1,1,1,6,10
"708",1,0,0,78.1666666666667,0,18,1,0,2,5,5,1,5,2,10
"709",0,1,0,68.3333333333333,1,21,0,1,4,1,7,3,7,1,10
"710",0,0,0,39.6666666666667,1,19,0,0,4,1,1,7,1,4,10
"711",0,0,0,90,1,20,0,0,5,3,4,4,1,3,10
"712",0,0,0,51.8333333333333,1,20,0,1,4,1,3,5,3,4,10
"713",1,0,0,93.6666666666667,1,21,1,0,1,1,7,1,7,1,10
"714",1,0,0,87.1666666666667,0,20,0,1,1,1,7,1,7,1,10
"715",0,0,1,55.6666666666667,0,18,0,1,4,1,1,3,1,6,10
"716",0,1,0,57.8333333333333,1,20,1,0,5,5,6,2,2,4,10
"717",0,0,1,68.3333333333333,1,19,0,1,4,4,1,7,1,7,10
"718",0,0,0,29.1666666666667,1,21,0,0,1,1,6,1,6,1,10
"719",0,1,0,87.6666666666667,1,19,0,1,5,5,2,3,1,6,10
"720",0,0,0,91.3333333333333,0,21,0,1,1,1,7,1,7,1,10
"721",0,0,1,76.8,0,21,0,1,4,4,4,7,1,7,10
"722",1,0,0,90.8333333333333,0,20,0,1,1,1,5,1,7,1,10
"723",0,1,0,79.3333333333333,1,22,0,1,5,6,1,6,1,4,10
"724",0,1,0,71.1666666666667,1,20,0,1,7,6,2,1,1,6,10
"725",0,0,1,60.3333333333333,1,19,0,1,4,1,1,1,1,5,10
"726",1,0,0,83.8333333333333,1,19,0,1,1,2,5,3,6,1,10
"727",0,0,1,86,0,19,0,1,2,1,1,4,4,1,10
"728",0,1,0,57.5,1,19,1,0,5,6,1,1,2,5,10
"729",0,1,0,46.8333333333333,0,20,0,1,4,7,1,3,2,4,10
"730",0,0,1,48.3333333333333,1,20,0,1,4,1,1,7,1,6,10
"731",0,0,0,77.8333333333333,1,32,0,1,2,5,3,2,5,2,10
"732",1,0,0,46.4,0,19,0,1,1,2,7,1,6,1,10
"733",0,0,0,86.5,0,20,0,0,1,1,7,1,7,1,10
"734",0,0,1,83.3333333333333,0,21,0,1,4,1,1,7,1,5,10
"735",0,0,1,91.3333333333333,0,21,0,1,5,2,1,6,1,7,10
"736",0,0,1,63.8333333333333,0,20,0,1,4,1,1,4,1,7,10
"737",1,0,0,63.8333333333333,0,18,0,1,1,1,7,1,7,1,10
"738",1,0,0,62.6666666666667,0,18,0,1,1,1,7,1,7,1,10
"739",0,0,1,49,0,19,0,1,4,1,1,7,1,7,10
"740",0,0,0,87.25,1,22,0,0,6,7,1,1,1,6,10
"741",0,1,0,73.4,1,23,0,1,3,2,6,1,5,4,10
"742",0,0,0,74.3333333333333,0,20,0,1,5,1,1,6,2,4,10
"743",1,0,0,83,0,21,0,1,4,1,7,2,5,3,10
"744",0,0,1,65.3333333333333,1,20,1,0,6,1,1,7,1,7,10
"745",0,1,0,56.1666666666667,0,19,0,1,6,6,1,1,1,4,10
"746",0,0,1,62.6666666666667,0,20,0,1,4,1,1,7,4,2,10
"747",0,1,0,84.2,0,20,1,0,7,7,1,4,1,7,10
"748",1,0,0,97.6666666666667,0,18,0,1,1,1,7,1,7,1,10
"749",0,0,1,85.8,1,24,0,1,7,7,1,1,1,7,10
"750",1,0,0,82.6666666666667,0,18,1,0,1,2,7,2,7,1,10
"751",0,0,0,84,0,22,0,0,4,1,1,7,1,7,10
"752",0,1,0,65.8333333333333,1,21,0,1,7,5,5,1,1,7,10
"753",1,0,0,43,0,19,0,1,4,1,7,1,6,2,10
"754",1,0,0,36.1666666666667,0,20,0,1,1,1,7,1,7,1,10
"755",0,1,0,85.5,1,20,0,1,6,4,4,2,1,7,10
"756",0,0,0,91.8333333333333,0,19,0,1,3,4,4,1,7,4,10
"757",1,0,0,68,0,21,0,1,1,1,7,1,7,1,10
"758",0,0,1,89.8333333333333,0,20,0,1,4,1,1,4,1,7,10
"759",0,1,0,91.3333333333333,1,19,1,0,6,6,1,2,4,3,10
"760",0,1,0,87.1666666666667,1,21,0,1,2,3,4,4,3,1,10
"761",0,0,1,52.8333333333333,1,20,0,1,4,1,1,6,1,5,10
"762",0,1,0,81.6666666666667,0,19,0,1,6,6,1,1,1,7,10
"763",0,1,0,61.8333333333333,1,19,0,1,5,3,1,3,1,4,10
"764",0,0,1,73.3333333333333,0,20,0,1,4,1,1,7,1,4,10
"765",1,0,0,78.1666666666667,0,21,0,1,3,5,5,1,5,3,10
"766",0,0,0,91.3333333333333,0,24,0,0,1,1,7,7,7,1,10
"767",0,0,0,75.5,1,19,0,0,1,1,7,4,7,1,10
"768",1,0,0,48.8,1,20,0,1,1,1,7,1,5,1,10
"769",0,0,1,63.1666666666667,0,21,0,1,4,4,4,6,4,5,10
"770",0,0,0,65.5,1,19,0,0,1,1,7,1,7,1,10
"771",0,0,0,79.1666666666667,1,19,0,0,6,5,4,3,1,3,10
"772",0,1,0,67.6666666666667,0,19,0,1,6,5,5,6,2,6,10
"773",0,0,1,90.2,0,20,1,0,4,1,1,4,1,7,10
"774",0,0,0,39.8333333333333,1,20,1,0,7,5,2,2,1,6,10
"775",1,0,0,65.5,0,21,0,1,1,1,7,1,7,1,10
"776",0,0,1,47.1666666666667,0,19,0,1,4,4,4,7,1,2,10
"777",1,0,0,68.8333333333333,0,22,0,1,2,5,4,4,6,1,10
"778",0,0,1,59.1666666666667,1,21,1,0,4,1,5,7,1,4,10
"779",0,1,0,40.8333333333333,1,20,0,1,5,5,4,1,5,5,10
"780",1,0,0,88.4,0,19,0,1,1,1,7,1,7,1,10
"781",0,0,1,62.1666666666667,1,19,0,1,4,1,1,7,1,5,10
"782",0,0,0,76.6,1,29,1,0,1,2,7,1,4,1,10
"783",0,1,0,79.1666666666667,0,18,0,1,7,7,1,4,1,7,10
"784",0,0,1,65.8333333333333,1,19,0,1,1,2,1,3,6,2,10
"785",1,0,0,62.5,1,22,1,0,1,1,4,1,7,1,10
"786",0,1,0,45,1,20,0,1,6,5,6,1,2,5,10
"787",0,1,0,77.8333333333333,0,20,0,1,6,6,1,1,1,7,10
"788",0,0,1,63,1,20,0,1,4,1,1,7,1,7,10
"789",0,1,0,89,1,20,0,1,7,5,1,1,1,7,10
"790",0,0,0,87.3333333333333,0,19,0,0,1,1,7,1,7,1,10
"791",1,0,0,87.6666666666667,0,46,0,1,1,1,6,1,7,1,10
"792",0,1,0,85.4,1,22,0,1,4,5,1,1,1,1,10
"793",0,0,0,69.5,1,22,0,0,1,5,1,1,7,1,10
"794",0,0,1,58,1,23,0,1,5,1,1,4,1,4,10
"795",0,0,1,43.1666666666667,1,24,0,1,4,1,1,3,4,5,10
"796",0,1,0,86.6666666666667,0,19,0,1,2,5,5,1,2,1,10
"797",1,0,0,73.6666666666667,1,22,0,1,1,1,5,1,7,1,10
"798",0,0,0,80,0,20,0,0,1,1,5,3,7,1,10
"799",0,0,1,86.3333333333333,1,19,0,1,5,4,1,4,1,7,10
"800",0,0,1,59.3333333333333,0,21,0,1,7,4,1,4,1,7,10
"801",0,0,0,57.6666666666667,1,19,0,0,1,1,6,1,6,1,10
"802",0,1,0,81.6666666666667,0,20,0,1,6,7,1,1,1,6,10
"803",1,0,0,69.8333333333333,0,18,0,1,1,1,7,1,7,1,10
"804",0,1,0,82.6666666666667,0,21,0,1,6,7,1,1,1,5,10
"805",0,1,0,81.8333333333333,0,22,0,1,6,7,1,4,1,2,10
"806",1,0,0,79.3333333333333,1,21,0,1,1,1,7,1,7,1,10
"807",0,0,1,65.8333333333333,0,21,0,1,5,1,1,7,1,5,10
"808",0,1,0,72.3333333333333,1,22,0,1,6,7,2,1,1,4,10
"809",0,0,0,72.3333333333333,1,22,0,0,7,7,1,1,1,7,10
"810",0,0,1,84.6666666666667,1,22,0,1,1,1,1,7,5,2,10
"811",0,1,0,60.1666666666667,0,20,0,1,3,5,1,3,1,2,10
"812",1,0,0,48,0,20,0,1,1,1,7,1,7,1,10
"813",1,0,0,83.5,1,23,1,0,1,4,7,1,7,1,10
"814",0,0,1,71.2,1,23,0,1,7,1,1,7,1,7,10
"815",1,0,0,67.8333333333333,1,21,0,1,2,6,2,2,7,1,10
"816",0,0,0,88,0,19,0,1,1,1,5,2,7,1,10
"817",0,1,0,92,0,19,0,1,1,3,1,1,6,1,10
"818",0,0,1,83.6666666666667,0,20,0,1,4,1,1,7,1,6,10
"819",0,0,1,62.5,0,19,0,1,4,1,1,7,1,5,10
"820",0,1,0,65,1,22,0,1,6,4,2,3,1,7,10
"821",0,1,0,83,0,21,0,1,7,7,1,2,1,6,10
"822",1,0,0,60.1666666666667,0,19,0,1,1,6,6,1,6,1,10
"823",0,0,0,84.6666666666667,0,19,0,0,7,4,4,4,1,7,10
"824",0,1,0,82,0,19,1,0,6,6,1,1,1,6,10
"825",0,0,1,71.3333333333333,0,19,0,1,4,1,1,4,1,4,10
"826",1,0,0,57.8,1,22,1,0,3,3,5,3,5,3,10
"827",0,0,1,65.5,0,18,0,1,4,2,1,3,1,6,10
"828",0,0,0,70,1,21,0,0,1,1,7,2,4,1,10
"829",1,0,0,34.3333333333333,0,19,0,1,1,1,7,1,7,1,10
"830",0,0,1,52.5,0,21,0,1,4,4,1,7,1,7,10
"831",0,1,0,87.8333333333333,1,22,0,1,6,6,2,2,2,5,10
"832",0,1,0,72.3333333333333,0,20,0,1,7,4,1,2,1,7,10
"833",0,1,0,80.1666666666667,0,23,0,1,6,5,4,1,1,5,10
"834",0,1,0,67.8333333333333,0,20,0,1,7,7,1,1,1,5,10
"835",1,0,0,58,0,20,0,1,1,1,7,1,7,1,10
"836",0,0,0,70.6,0,21,0,0,4,1,1,7,1,4,10
"837",1,0,0,51.6666666666667,0,18,0,1,1,6,5,1,7,1,10
"838",0,1,0,73.5,0,19,0,1,4,5,2,4,1,3,10
"839",0,0,1,78,1,21,0,1,3,1,1,7,2,4,10
"840",0,0,0,59.8,0,18,0,0,2,5,4,1,4,2,10
"841",0,1,0,42.3333333333333,0,19,0,1,4,5,5,3,5,3,10
"842",0,0,1,76.3333333333333,0,19,0,1,1,5,1,1,4,4,10
"843",1,0,0,55.6666666666667,0,21,0,1,1,5,5,1,7,1,10
"844",0,0,1,83.1666666666667,1,21,1,0,6,4,4,7,1,7,10
"845",0,1,0,43,1,21,0,1,5,6,1,2,1,6,10
"846",0,0,0,43.2,1,20,0,1,6,5,2,1,1,5,10
"847",1,0,0,53.6666666666667,1,22,0,1,2,2,5,1,5,2,10
"848",0,0,0,79.5,1,22,0,0,5,1,1,7,1,7,10
"849",0,1,0,52.4,1,23,1,0,7,4,7,1,1,2,10
"850",0,0,0,56.1666666666667,1,22,0,0,4,3,6,1,1,4,10
"851",0,1,0,71.5,0,21,1,0,6,3,5,3,1,7,10
"852",1,0,0,79.2,1,22,0,1,1,1,7,1,7,1,10
"853",0,0,1,77.6666666666667,0,21,0,1,7,1,1,7,1,7,10
"854",1,0,0,66.1666666666667,1,20,0,1,1,3,7,1,6,1,10
"855",0,1,0,78.8333333333333,1,21,0,1,4,1,5,2,1,4,10
"856",0,0,0,69.6,1,22,0,0,7,4,1,1,1,7,10
"857",0,1,0,72.6666666666667,0,19,1,0,6,6,1,3,1,6,10
"858",1,0,0,65.1666666666667,0,20,0,1,2,5,6,1,3,2,10
"859",1,0,0,76.1666666666667,0,23,0,1,2,3,6,3,5,2,10
"860",0,1,0,91.8333333333333,0,21,0,1,6,6,1,2,1,6,10
"861",0,0,0,76.5,0,21,0,0,1,2,7,1,7,1,10
"862",0,0,0,54.6,0,19,0,1,4,5,4,4,2,2,10
"863",1,0,0,91.3333333333333,0,21,0,1,1,3,7,1,7,1,10
"864",0,0,1,55.8333333333333,0,20,0,1,3,1,1,2,2,6,10
"865",0,0,0,72.1666666666667,0,20,0,0,6,6,1,5,1,5,10
"866",0,0,0,64.1666666666667,0,20,0,0,1,4,7,1,7,1,10
"867",0,1,0,74.1666666666667,0,20,0,1,7,7,1,1,1,7,10
"868",0,0,1,71.3333333333333,1,23,0,1,7,4,4,4,4,6,10
"869",0,0,1,64,0,20,0,1,3,1,1,4,1,7,10
"870",1,0,0,63.3333333333333,0,20,0,1,1,1,7,1,7,1,10
"871",1,0,0,82.8333333333333,0,20,0,1,1,1,7,1,7,1,10
"872",0,0,0,64.6,0,21,0,1,1,4,5,1,1,1,10
"873",0,0,0,80.3333333333333,1,20,0,0,1,1,5,1,7,1,10
"874",0,0,1,36,0,22,0,1,4,1,1,7,1,7,10
"875",0,0,1,76.5,1,22,0,1,7,4,4,4,1,7,10
"876",0,1,0,61,1,24,0,1,7,5,5,5,1,5,10
"877",0,0,1,48.6666666666667,0,20,0,1,7,4,1,7,1,7,10
"878",0,0,1,83,0,19,0,1,5,1,1,7,1,4,10
"879",0,1,0,100,0,20,0,1,1,3,1,1,4,1,10
"880",1,0,0,89,0,20,1,0,1,1,4,3,5,1,10
"881",0,0,1,64.6666666666667,0,19,1,0,4,1,1,7,1,7,10
"882",0,1,0,42.5,0,19,0,1,7,7,1,1,1,3,10
"883",1,0,0,91.8333333333333,1,20,1,0,1,1,7,1,7,1,10
"884",0,0,1,70.6666666666667,0,19,0,1,4,1,1,NA,7,7,10
"885",0,0,1,54.6666666666667,1,20,0,1,5,1,1,7,1,7,10
"886",1,0,0,60.5,0,20,0,1,1,1,7,1,NA,1,10
"887",1,0,0,53.8333333333333,1,18,0,1,3,1,5,4,3,2,10
"888",0,0,0,65,1,21,0,0,4,7,1,1,1,4,10
"889",0,0,0,63.3333333333333,0,21,0,0,2,1,7,2,2,1,10
"890",0,1,0,65.6666666666667,0,20,1,0,7,5,2,1,1,7,10
"891",0,0,1,80.4,0,20,0,1,4,4,1,4,1,7,10
"892",0,0,0,75,1,21,0,0,1,1,7,1,7,1,10
"893",0,1,0,80,0,20,0,1,6,7,1,1,2,5,10
"894",0,0,0,68.6666666666667,0,19,0,0,4,4,4,4,4,4,10
"895",0,0,1,83.1666666666667,0,20,0,1,4,1,1,4,1,7,10
"896",1,0,0,89.6,0,20,0,1,1,1,7,1,7,1,10
"897",0,0,1,72.6666666666667,0,20,0,1,4,1,1,7,1,5,10
"898",0,1,0,71,0,21,0,1,3,3,1,3,3,1,10
"899",0,1,0,75.1666666666667,0,20,1,0,5,6,1,5,1,5,10
"900",0,0,1,69,0,20,0,1,1,1,7,1,7,1,10
"901",0,1,0,91.6666666666667,0,19,0,1,6,6,4,1,1,7,10
"902",1,0,0,67.1666666666667,1,22,0,1,1,1,7,2,7,1,10
"903",1,0,0,58.8333333333333,1,25,0,1,1,1,7,1,7,1,10
"904",0,0,1,68.5,0,20,0,1,4,1,1,NA,7,6,10
"905",0,1,0,74.3333333333333,1,21,0,1,7,5,3,3,1,7,10
"906",1,0,0,72.1666666666667,0,22,0,1,1,1,7,1,7,1,10
"907",0,0,1,77,1,21,0,1,4,1,1,7,1,4,10
"908",0,1,0,86.1666666666667,1,23,0,1,3,7,5,1,3,3,10
"909",1,0,0,60.2,1,20,0,1,1,1,7,1,7,1,10
"910",0,0,0,73.8,1,18,0,1,4,1,3,6,3,3,10
"911",0,0,0,82.1666666666667,0,19,0,0,1,1,7,1,7,1,10
"912",0,0,1,67.1666666666667,1,30,0,1,7,5,1,4,1,7,10
"913",0,1,0,86.6666666666667,1,19,0,1,6,4,1,4,1,4,10
"914",0,1,0,49.5,0,19,0,1,4,6,NA,2,1,4,10
"915",1,0,0,79.3333333333333,0,19,0,1,1,1,7,1,7,1,10
"916",1,0,0,59.8333333333333,0,22,0,1,1,2,7,1,7,1,10
"917",0,0,1,91.8333333333333,0,19,0,1,7,1,1,7,1,7,10
"918",0,0,0,84.1666666666667,0,19,0,0,4,6,3,1,4,2,10
"919",0,0,1,86.1666666666667,0,20,0,1,7,1,1,7,1,7,10
"920",0,1,0,91.8333333333333,0,23,0,1,4,3,5,1,1,4,10
"921",1,0,0,85.6666666666667,0,19,1,0,1,1,7,1,7,1,10
"922",1,0,0,83.1666666666667,0,18,0,1,1,1,7,1,7,1,10
"923",0,1,0,76.8333333333333,1,21,0,1,4,5,2,3,1,4,10
"924",0,0,1,85.5,0,20,0,1,7,1,1,7,1,7,10
"925",0,0,1,59,0,20,1,0,4,4,4,7,3,5,10
"926",0,1,0,94.3333333333333,1,21,0,1,6,6,2,5,2,5,10
"927",0,1,0,85.5,0,21,0,1,3,7,5,1,5,1,10
"928",0,0,0,88.5,1,21,0,0,5,7,1,1,6,2,10
"929",0,0,1,82.3333333333333,0,20,0,1,4,3,4,7,2,4,10
"930",0,1,0,79,1,18,1,0,4,6,1,NA,1,1,10
"931",0,1,0,89.8333333333333,1,26,0,1,5,6,2,1,2,2,10
"932",0,0,1,92.8333333333333,1,20,0,1,1,1,1,7,7,1,10
"933",1,0,0,66.6666666666667,0,20,0,1,3,3,5,1,3,2,10
"934",0,0,1,74.1666666666667,0,19,0,1,4,2,2,4,1,1,10
"935",0,0,1,83.3333333333333,0,24,0,1,4,3,3,7,3,5,10
"936",0,0,1,68,1,18,1,0,4,1,1,4,1,7,10
"937",0,1,0,80.6,0,21,0,1,7,7,1,1,1,7,10
"938",1,0,0,59.6666666666667,0,18,0,1,1,1,7,1,7,1,10
"939",0,1,0,84.6666666666667,0,20,0,1,7,5,1,1,1,6,10
"940",0,0,1,65.6,0,21,0,1,4,1,1,7,1,4,10
"941",0,1,0,73.3333333333333,1,22,0,1,5,6,1,1,2,6,10
"942",0,0,1,33,0,20,0,1,3,1,1,7,1,7,10
"943",1,0,0,78.4,1,20,0,1,1,2,7,1,6,1,10
"944",0,0,0,24.8333333333333,1,22,0,0,4,4,4,7,1,4,10
"945",0,0,0,99.8333333333333,0,21,0,1,4,4,4,1,1,1,10
"946",0,1,0,98.5,0,21,0,1,1,1,5,1,6,1,10
"947",0,0,1,67,0,20,0,1,4,1,1,7,1,7,10
"948",0,1,0,56.8333333333333,0,22,0,1,4,3,4,3,1,3,10
"949",1,0,0,55.6666666666667,0,19,0,1,2,4,5,3,4,1,10
"950",0,0,1,79.4,0,19,0,1,4,1,1,7,1,6,10
"951",0,1,0,76.6666666666667,0,21,0,1,7,6,1,1,1,6,10
"952",1,0,0,74.6666666666667,0,20,0,1,1,2,6,1,6,1,10
"953",0,0,0,70.6666666666667,0,19,0,0,4,1,1,7,1,7,10
"954",0,1,0,78,0,20,1,0,2,6,4,3,5,3,10
"955",0,0,0,65.4,0,20,0,0,1,1,7,1,7,1,10
"956",0,0,1,57.2,1,20,0,1,4,1,1,1,1,4,10
"957",0,1,0,63.6666666666667,0,20,0,1,7,6,1,1,1,6,10
"958",0,1,0,67.8,1,21,0,1,4,5,2,4,5,3,10
"959",0,0,0,37.8,1,18,0,0,7,1,1,7,1,4,10
"960",1,0,0,81,1,22,1,0,1,1,7,1,7,1,10
"961",0,0,1,54.1666666666667,1,20,1,0,4,1,1,7,1,7,10
"962",1,0,0,88.4,0,20,0,1,1,1,7,1,7,1,10
"963",0,0,0,92,0,20,0,0,1,1,7,1,7,1,10
"964",0,0,1,83.1666666666667,0,20,0,1,4,4,4,4,1,7,10
"965",0,0,1,75.1666666666667,0,20,0,1,4,1,1,7,1,6,10
"966",0,1,0,53.8333333333333,0,21,0,1,1,1,7,1,7,1,10
"967",0,0,1,68.6666666666667,1,19,0,1,7,1,1,4,1,7,10
"968",0,1,0,64,1,25,0,1,6,7,1,2,2,4,10
"969",1,0,0,55.1666666666667,0,21,0,1,1,1,4,1,7,1,10
"970",0,1,0,87.8333333333333,1,20,1,0,5,5,3,3,1,3,10
"971",0,0,0,83.3333333333333,0,19,0,0,3,6,6,2,4,3,10
"972",1,0,0,86.3333333333333,0,20,0,1,1,1,7,5,7,7,10
"973",1,0,0,68.1666666666667,0,20,0,1,1,1,5,1,6,1,10
"974",0,1,0,89.3333333333333,0,20,0,1,7,7,2,1,1,3,10
"975",0,0,1,88,1,19,0,1,4,1,3,3,1,1,10
"976",1,0,0,80.8333333333333,1,19,1,0,1,2,7,1,6,1,10
"977",1,0,0,70.8333333333333,0,20,0,1,3,2,7,3,3,1,10
"978",1,0,0,61.6666666666667,0,20,0,1,1,1,7,2,7,1,10
"979",0,0,1,46.1666666666667,1,21,0,1,1,1,6,5,5,1,10
"980",0,1,0,82.5,0,20,0,1,3,5,6,1,5,1,10
"981",0,1,0,69.3333333333333,0,20,0,1,6,7,3,2,5,5,10
"982",0,0,0,63.2,0,20,0,0,1,1,1,4,1,2,10
"983",1,0,0,47.6666666666667,1,18,1,0,1,1,5,1,7,1,10
"984",0,0,1,70.5,0,19,0,1,4,1,1,7,1,7,10
"985",0,0,0,72.5,1,19,0,0,1,1,1,4,1,4,10
"986",0,1,0,65.3333333333333,0,20,0,1,1,1,7,3,7,1,10
"987",1,0,0,62.5,0,19,0,1,1,5,1,1,7,1,10
"988",0,1,0,77.3333333333333,0,18,0,1,7,6,1,3,1,7,10
"989",0,1,0,75,0,21,0,1,3,3,4,1,4,2,10
"990",0,0,0,51,1,21,0,0,2,1,7,1,6,1,10
"991",0,1,0,60.2,1,19,0,1,4,3,1,1,4,3,10
"992",0,0,1,65.1666666666667,0,19,0,1,2,1,1,1,1,3,10
"993",0,0,0,73.6666666666667,0,22,0,1,1,1,7,1,6,1,10
"994",0,0,1,71.3333333333333,0,18,0,1,4,4,4,7,1,7,10
"995",0,0,0,44.2,0,21,0,1,1,1,7,1,6,1,10
"996",0,0,1,85,1,22,0,1,4,1,1,7,1,5,10
"997",0,0,0,49.8333333333333,0,21,0,0,7,7,1,1,1,7,10
"998",0,0,1,78.8333333333333,0,19,0,1,7,1,1,7,1,7,10
"999",0,0,1,53.1666666666667,0,21,0,1,4,1,1,7,1,5,10
"1000",0,1,0,69.6,0,20,0,1,5,5,1,1,1,4,10
"1001",0,0,1,87.6666666666667,0,19,0,1,7,1,1,4,1,7,10
"1002",1,0,0,50.5,1,19,0,1,4,1,7,1,7,1,10
"1003",0,1,0,81.6666666666667,0,21,0,1,1,3,1,1,5,1,10
"1004",1,0,0,64.6666666666667,0,20,0,1,1,5,7,4,7,1,10
"1005",0,1,0,85.6,1,19,0,1,2,1,6,2,5,2,10
"1006",0,1,0,66,0,21,0,1,6,6,4,7,1,7,10
"1007",1,0,0,61.8333333333333,0,20,0,1,1,1,6,1,6,1,10
"1008",0,1,0,71.8333333333333,0,21,0,1,1,2,5,1,7,1,10
"1009",0,0,1,60.2,1,20,0,1,3,1,1,7,4,4,10
"1010",0,0,1,63.8333333333333,0,19,0,1,4,1,1,6,3,4,10
"1011",1,0,0,77,0,20,0,1,1,1,7,1,7,1,10
"1012",0,0,0,76,0,19,0,1,5,5,1,1,1,4,10
"1013",1,0,0,82.6666666666667,1,21,0,1,1,1,7,3,7,1,10
"1014",0,0,1,87.75,1,21,0,1,4,1,1,7,1,4,10
"1015",0,1,0,76,0,18,0,1,4,4,5,6,3,3,10
"1016",0,0,1,85.3333333333333,0,18,0,1,4,7,1,4,1,3,10
"1017",0,0,1,65.3333333333333,1,19,0,1,7,4,3,5,4,4,10
"1018",0,1,0,76.8333333333333,0,18,0,1,3,1,2,1,4,2,10
"1019",1,0,0,80.5,1,20,0,1,4,3,5,4,2,1,10
"1020",0,1,0,71.4,0,21,1,0,5,5,2,1,2,5,10
"1021",0,0,0,60.8333333333333,0,19,0,1,4,3,3,7,1,4,10
"1022",1,0,0,75.6666666666667,1,19,0,1,1,3,3,4,7,1,10
"1023",0,1,0,69,1,21,1,0,7,5,1,5,1,7,10
"1024",0,0,1,83.6,1,20,1,0,4,1,1,7,1,7,10
"1025",0,1,0,56.6666666666667,1,27,0,1,5,6,6,1,2,4,10
"1026",1,0,0,74.6,0,20,0,1,1,1,7,1,7,1,10
"1027",1,0,0,55.2,1,18,0,1,1,1,5,1,6,1,10
"1028",1,0,0,92.3333333333333,1,21,0,1,1,1,7,1,3,1,10
"1029",0,0,1,58.8333333333333,1,21,0,1,3,1,1,4,3,1,10
"1030",0,0,0,72.6666666666667,1,22,0,0,2,1,1,7,1,1,10
"1031",1,0,0,75.1666666666667,0,21,0,1,1,1,7,1,7,1,10
"1032",0,0,1,61.5,1,20,0,1,4,2,1,7,1,1,10
"1033",0,0,1,53,0,19,0,1,4,4,1,5,2,4,10
"1034",1,0,0,71,0,19,0,1,1,2,7,3,5,2,10
"1035",0,1,0,65.6666666666667,0,18,0,1,7,5,1,5,1,7,10
"1036",0,0,0,55.3333333333333,0,18,0,0,1,1,7,1,7,1,10
"1037",0,0,0,61.8333333333333,0,18,0,1,4,3,3,2,2,1,10
"1038",0,1,0,86.8333333333333,0,20,0,1,4,6,1,4,3,2,10
"1039",0,1,0,55.2,0,19,0,1,7,7,1,1,1,7,10
"1040",0,1,0,100,0,18,0,1,7,7,1,1,1,7,10
"1041",0,0,1,81.3333333333333,0,21,1,0,4,1,1,7,2,4,10
"1042",0,0,1,73,1,22,1,0,4,1,1,1,7,3,10
"1043",0,1,0,65.8333333333333,0,21,1,0,4,6,3,3,1,4,10
"1044",1,0,0,65.6666666666667,0,20,0,1,2,1,6,1,6,1,10
"1045",1,0,0,68,0,20,0,1,1,1,5,6,7,1,10
"1046",1,0,0,85,0,19,0,1,1,1,7,1,1,1,10
"1047",0,0,1,60.5,0,21,0,1,6,1,1,7,1,7,10
"1048",0,0,1,78.5,0,19,1,0,4,2,2,6,1,2,10
"1049",0,1,0,75,0,21,0,1,6,6,2,1,1,5,10
"1050",0,1,0,66,0,22,0,1,6,6,1,4,1,5,10
"1051",0,0,0,56.3333333333333,1,19,0,0,4,1,1,7,1,4,10
"1052",0,0,1,73,0,20,0,1,5,1,1,7,1,6,10
"1053",1,0,0,36,1,20,0,1,1,3,6,1,7,1,10
"1054",1,0,0,54.5,1,20,0,1,1,1,7,1,7,1,10
"1055",0,0,1,50.6666666666667,0,21,0,1,7,1,7,4,4,7,10
"1056",0,0,0,55.1666666666667,0,18,0,0,3,1,1,6,1,5,10
"1057",0,1,0,65.5,0,21,0,1,1,1,7,1,7,1,10
"1058",1,0,0,66.6666666666667,1,22,1,0,3,1,6,1,3,3,10
"1059",0,1,0,80.8,0,19,0,1,4,5,1,4,1,1,10
"1060",0,0,1,95.6666666666667,0,20,0,1,4,4,4,4,4,6,10
"1061",0,0,1,60.3333333333333,0,22,0,1,4,4,4,7,1,7,10
"1062",0,0,0,52.3333333333333,0,21,0,0,4,4,4,3,4,5,10
"1063",1,0,0,86.6666666666667,0,21,0,1,1,1,7,1,7,7,10
"1064",1,0,0,58,0,20,0,1,1,1,5,1,7,1,10
"1065",1,0,0,88.8333333333333,0,23,0,1,1,2,6,1,6,4,10
"1066",0,1,0,100,1,18,0,1,6,6,1,1,1,5,10
"1067",0,0,0,91.1666666666667,0,20,0,0,7,7,1,1,1,7,10
"1068",0,0,1,83.1666666666667,0,21,0,1,4,4,4,4,4,4,10
"1069",1,0,0,75.5,0,32,1,0,1,1,7,2,6,1,10
"1070",0,0,0,54.5,0,21,0,1,1,1,7,1,7,1,10
"1071",0,0,0,81.6666666666667,0,19,0,0,4,4,1,4,7,1,10
"1072",0,0,0,85.5,1,22,0,1,1,1,3,1,7,1,10
"1073",0,1,0,80.5,0,23,0,1,4,5,3,1,3,1,10
"1074",0,1,0,67.5,1,21,0,1,7,6,1,1,1,6,10
"1075",0,0,1,71,0,18,1,0,7,1,1,4,1,4,10
"1076",0,0,1,68.2,1,21,0,1,5,1,1,7,1,7,10
"1077",1,0,0,86,0,22,1,0,1,1,7,1,7,1,10
"1078",0,1,0,49.6666666666667,0,19,0,1,6,6,1,1,1,7,10
"1079",0,0,1,94.2,0,19,0,1,7,1,1,1,1,7,10
"1080",0,0,0,64.1666666666667,1,22,0,0,5,2,1,4,4,6,10
"1081",0,1,0,95.3333333333333,1,23,0,1,6,5,1,5,1,6,10
"1082",0,0,0,76.5,0,20,0,0,1,1,7,1,7,1,10
"1083",0,0,1,57,1,19,0,1,5,4,1,4,1,4,10
"1084",0,0,0,82.1666666666667,0,20,0,0,1,1,7,1,7,1,10
"1085",1,0,0,65,1,21,0,1,1,5,5,1,7,1,10
"1086",0,0,0,86.3333333333333,0,20,0,0,4,4,4,4,1,5,10
"1087",0,1,0,90.8333333333333,0,20,0,1,4,5,3,2,3,2,10
"1088",1,0,0,83.1666666666667,1,21,0,1,1,1,7,1,7,1,10
"1089",0,0,0,77.5,0,21,0,0,1,1,7,2,7,2,10
"1090",0,0,0,49,1,22,0,0,4,5,5,2,5,4,10
"1091",0,0,1,60.8333333333333,0,19,1,0,3,4,5,2,3,1,10
"1092",0,0,0,86.5,1,20,0,0,1,1,7,1,7,1,10
"1093",0,0,1,60.1666666666667,0,20,0,1,4,4,4,4,4,6,10
"1094",0,0,0,92.3333333333333,0,20,0,0,1,1,7,1,7,1,10
"1095",0,1,0,71,0,20,1,0,5,5,1,1,1,4,10
"1096",0,0,0,86.8333333333333,1,30,0,0,4,5,5,1,1,3,10
"1097",0,0,1,58.3333333333333,1,19,1,0,4,1,1,7,1,7,10
"1098",0,1,0,76.3333333333333,0,20,0,1,2,4,2,3,3,2,10
"1099",1,0,0,78.8333333333333,1,22,0,1,1,1,7,1,7,1,10
"1100",0,1,0,48,0,20,0,1,6,7,1,1,1,5,10
"1101",1,0,0,80,1,19,0,1,1,1,7,1,7,1,10
"1102",0,0,1,85.8333333333333,0,21,0,1,7,1,1,7,1,7,10
"1103",0,1,0,72,1,23,0,1,7,7,1,1,1,7,10
"1104",1,0,0,73.8,1,23,0,1,1,1,5,1,7,1,10
"1105",0,0,0,77.3333333333333,1,31,0,0,7,4,1,4,1,6,10
"1106",0,0,1,75.8333333333333,0,21,0,1,5,3,1,4,1,7,10
"1107",0,0,0,57.6,1,31,0,0,2,3,1,4,1,1,10
"1108",0,0,1,73.75,1,20,1,0,4,4,4,4,4,4,10
"1109",0,1,0,65.4,1,21,0,1,4,3,5,4,3,3,10
"1110",1,0,0,75.8,1,19,0,1,1,5,7,1,7,1,10
"1111",1,0,0,75.1666666666667,1,22,0,1,2,5,5,1,5,1,10
"1112",0,0,0,82.1666666666667,0,23,0,0,3,1,6,1,2,3,10
"1113",0,0,1,61,0,21,0,1,4,4,4,4,1,7,10
"1114",0,0,1,65.3333333333333,1,20,0,1,4,4,4,4,1,6,10
"1115",0,1,0,49.5,0,20,0,1,3,1,7,1,2,4,10
"1116",0,0,0,60.3333333333333,0,NA,0,0,2,3,6,1,2,3,10
"1117",0,0,0,68.6666666666667,0,21,0,0,2,4,4,1,5,2,10
"1118",0,0,1,54.3333333333333,0,20,0,1,4,4,4,4,2,4,10
"1119",0,0,0,65.6666666666667,0,21,0,1,5,4,4,7,1,6,10
"1120",0,0,0,59.3333333333333,0,20,0,0,1,3,7,1,6,1,10
"1121",0,0,1,71.3333333333333,1,20,0,1,4,1,1,4,1,5,10
"1122",1,0,0,64.3333333333333,1,20,1,0,1,2,2,2,7,1,10
"1123",0,1,0,48,1,21,0,1,5,7,1,1,1,5,10
"1124",0,1,0,66.1666666666667,1,20,0,1,7,6,1,2,1,5,10
"1125",0,0,1,60,0,18,0,1,4,2,1,4,1,5,10
"1126",0,0,0,83.6666666666667,0,21,0,0,1,1,7,1,7,1,10
"1127",0,0,0,83.2,1,20,0,0,1,1,7,1,7,1,10
"1128",0,0,0,70.6666666666667,1,22,0,0,2,5,2,1,6,1,10
"1129",0,0,0,91.1666666666667,1,20,0,0,5,7,1,2,7,1,10
"1130",1,0,0,100,0,19,0,1,1,1,7,4,7,1,10
"1131",0,0,1,53,1,21,0,1,4,1,1,6,1,4,10
"1132",0,0,0,72.5,0,21,0,0,4,4,4,4,4,7,10
"1133",0,1,0,80.6,1,20,0,1,1,1,7,6,6,1,10
"1134",1,0,0,81.5,0,20,0,1,1,1,7,1,7,2,10
"1135",0,1,0,88.1666666666667,0,20,0,1,1,4,2,4,5,1,10
"1136",1,0,0,100,1,20,0,1,1,1,7,1,7,1,10
"1137",0,0,1,51,0,19,0,1,4,1,1,7,1,7,10
"1138",0,1,0,72.5,1,20,1,0,5,6,2,2,1,5,10
"1139",0,0,1,61.8333333333333,0,21,0,1,7,1,1,7,1,6,10
"1140",1,0,0,85.6666666666667,1,19,0,1,1,1,7,1,7,1,10
"1141",0,0,0,92.8333333333333,0,NA,0,0,NA,NA,NA,NA,NA,NA,10
"1142",0,1,0,92.7380952380952,1,19,0,1,4,7,1,1,2,4,11
"1143",0,1,0,59.5238095238095,0,20,0,1,6,6,1,2,1,6,11
"1144",1,0,0,71.3095238095238,0,21,0,1,1,1,7,2,4,1,11
"1145",1,0,0,73.4523809523809,0,49,0,1,1,1,4,1,4,1,11
"1146",1,0,0,85.3571428571428,0,21,0,0,1,1,6,2,5,1,11
"1147",0,1,0,76.9047619047619,0,20,0,0,5,5,1,2,1,7,11
"1148",0,0,1,70.9523809523809,0,22,0,1,4,1,1,7,1,7,11
"1149",0,0,1,83.6904761904762,0,24,0,1,4,5,1,3,1,4,11
"1150",1,0,0,80.7142857142857,1,20,0,0,1,1,5,3,7,4,11
"1151",1,0,0,52.8571428571429,1,23,0,0,5,2,5,1,1,2,11
"1152",0,0,1,90.1190476190476,1,19,0,0,4,1,1,7,1,7,11
"1153",0,0,1,67.9761904761905,0,32,0,0,7,4,4,4,1,7,11
"1154",1,0,0,67.0238095238095,0,30,0,0,1,2,6,1,7,1,11
"1155",0,1,0,75.1190476190476,0,20,0,0,6,7,1,1,1,7,11
"1156",0,0,1,91.6666666666667,1,19,0,0,4,4,4,7,4,5,11
"1157",0,0,1,69.8809523809524,0,24,0,1,4,1,1,6,1,4,11
"1158",0,1,0,82.6190476190476,1,23,0,0,2,3,2,1,5,1,11
"1159",0,0,1,73.9285714285714,0,22,0,0,4,4,1,7,1,6,11
"1160",1,0,0,57.1428571428571,1,24,0,0,2,1,6,2,1,1,11
"1161",0,0,1,79.6428571428572,0,22,0,0,1,1,1,2,1,7,11
"1162",1,0,0,72.3809523809524,0,25,0,0,1,1,7,1,7,1,11
"1163",0,0,1,72.8571428571429,0,19,0,0,6,1,1,4,1,7,11
"1164",0,1,0,32.9761904761905,1,22,0,0,2,4,4,1,2,4,11
"1165",0,0,1,70.952380952381,1,20,0,0,4,5,3,4,1,4,11
"1166",1,0,0,67.0238095238095,1,20,0,1,2,1,6,1,4,1,11
"1167",0,1,0,64.1666666666667,1,19,0,1,6,5,5,3,1,6,11
"1168",0,1,0,75.1190476190476,0,24,0,0,4,6,1,3,1,2,11
"1169",0,0,1,66.6666666666667,0,20,0,1,4,1,1,4,1,4,11
"1170",1,0,0,58.3333333333333,1,22,0,1,2,2,6,1,6,1,11
"1171",0,1,0,61.547619047619,1,20,0,1,3,2,6,2,5,1,11
"1172",1,0,0,79.4047619047619,0,21,0,0,1,1,7,1,7,1,11
"1173",1,0,0,74.2857142857143,1,20,0,1,1,1,7,1,7,1,11
"1174",1,0,0,85.2380952380952,0,22,0,0,1,1,7,6,6,1,11
"1175",1,0,0,41.1904761904762,1,20,0,1,1,1,6,1,6,1,11
"1176",1,0,0,66.1904761904762,1,22,0,1,2,1,6,3,3,2,11
"1177",1,0,0,85.2380952380952,1,20,1,0,1,1,5,2,6,1,11
"1178",0,0,1,33.0952380952381,0,19,0,0,3,1,1,4,3,1,11
"1179",1,0,0,97.9761904761905,1,22,0,1,1,1,7,1,7,1,11
"1180",0,1,0,78.6904761904762,1,30,0,0,4,6,1,1,1,4,11
"1181",1,0,0,74.2857142857143,0,21,0,1,1,1,7,1,7,1,11
"1182",NA,NA,NA,NA,NA,NA,0,0,NA,NA,NA,NA,NA,NA,11
