"","real","id","item_num","treatment","control","realxtreatment","realxcontrol","demrep","attentive","avg_fake","avg_real","discernment","rating","age","gender","hispanic","social_conserv","covid_concern_1","sciknow","mms","crt_acc","study"
"1",0,1,1,1,0,0,0,0,0,0.826666675333333,0.866666673333333,0.0399999980000001,0.80000001,0.58,0,0,1,1.18,0,4.7,0,1
"2",0,2,1,0,1,0,0,1,1,0.253333339333333,0.386666677333333,0.133333338,0.2,0.9,1,0,4,1.66,1,5.3,0.333333333333333,1
"3",0,3,1,0,1,0,0,0,1,0,0,0,0,1.44,1,0,2,0.18,0,4.5,0,1
"4",0,4,1,0,1,0,0,0,1,0,0,0,0,1.3,0,0,4,0.14,0,2.5,0.333333333333333,1
"5",0,5,1,0,1,0,0,0,1,0.786666677333333,0.746666678,-0.0399999993333333,0.80000001,0.76,0,0,5,1.7,0,5.2,0,1
"6",0,6,1,1,0,0,0,0,0,0.946666669333333,0.986666667333333,0.039999998,0.80000001,0.74,0,1,1,1.74,0,6.3,0,1
"7",0,7,1,0,1,0,0,0,0,0,0.04,0.04,0,1.36,1,0,3,1.54,0,4.2,0,1
"8",0,8,1,1,0,0,0,1,1,0.146666671333333,0.0933333353333333,-0.053333336,0,1.12,1,0,3,0.2,1,3.2,0.166666666666667,1
"9",0,9,1,1,0,0,0,1,0,0.840000008,0.840000008,0,0.80000001,1.14,1,0,3,1.32,1,5.7,0.166666666666667,1
"10",0,10,1,0,1,0,0,1,1,0.466666678,0.533333343333333,0.0666666653333334,0.40000001,0.6,1,0,1,1.5,1,4.2,0,1
"11",0,11,1,0,1,0,0,1,0,0.400000009333333,0.466666677333333,0.066666668,0.40000001,1,0,0,4,1.58,1,4.4,0.166666666666667,1
"12",0,12,1,0,1,0,0,1,1,0.280000006,0.386666676,0.10666667,0.40000001,0.36,0,0,3,1.06,1,3.8,0,1
"13",0,13,1,0,1,0,0,0,1,0.880000006,0.933333336666667,0.0533333306666667,1,0.62,0,0,4,1.84,0,3.3,0,1
"14",0,14,1,1,0,0,0,0,1,0.560000016,0.613333347333333,0.0533333313333334,0,1.2,1,0,3,2,0,4.6,0,1
"15",0,15,1,0,1,0,0,1,1,0.773333342,0.573333342,-0.2,0.80000001,1.5,1,0,5,1.6,1,4.7,0,1
"16",0,16,1,0,1,0,0,0,1,0.16,0.12,-0.04,0,0.44,1,0,3,0.3,0,4,0.166666666666667,1
"17",0,17,1,0,1,0,0,1,0,0.960000002,1,0.039999998,1,0.6,0,0,1,2,1,6.4,0.166666666666667,1
"18",0,18,1,0,1,0,0,0,1,0.213333336,0.0666666666666667,-0.146666669333333,0,1.38,0,0,3,NA,0,4.5,0.666666666666667,1
"19",0,19,1,1,0,0,0,0,0,0.493333344666667,0.586666682,0.0933333373333333,0.2,0.66,0,0,3,1.64,0,4.3,0,1
"20",0,20,1,0,1,0,0,0,0,0.853333340666667,0.880000006,0.0266666653333333,1,0.94,0,0,2,2,0,5.9,0,1
"21",0,21,1,0,1,0,0,1,0,1,0.986666667333333,-0.0133333326666667,1,0.72,0,0,1,2,1,6.4,0,1
"22",0,22,1,1,0,0,0,1,1,0.0933333346666667,0.146666669333333,0.0533333346666667,0,1.2,1,0,2,1.38,1,4,0,1
"23",0,23,1,0,1,0,0,1,0,0.626666670666667,0.373333337333333,-0.253333333333333,1,1.04,1,0,3,0.6,1,3.1,0.166666666666667,1
"24",0,24,1,1,0,0,0,0,1,0.360000005333333,0.320000002,-0.0400000033333333,0.2,1.08,1,0,1,0,0,2.2,0.166666666666667,1
"25",0,25,1,0,1,0,0,0,0,0.640000014666667,0.533333348,-0.106666666666667,0.60000002,0.58,0,0,5,1.24,0,4.8,0,1
"26",0,26,1,0,1,0,0,0,1,0.440000012666667,0.46666668,0.0266666673333333,0.40000001,1.04,1,0,2,1.42,0,4.6,0,1
"27",0,27,1,0,1,0,0,1,1,0.986666667333333,0.973333334666667,-0.0133333326666666,1,0.64,0,0,5,1.96,1,6.2,0,1
"28",0,28,1,1,0,0,0,0,1,0.613333346,0.480000012,-0.133333334,0.60000002,0.48,1,0,3,1.54,0,4.8,0.333333333333333,1
"29",0,29,1,1,0,0,0,0,1,0.826666671333333,0.80000001,-0.0266666613333334,0.2,0.96,1,0,3,1.74,0,5.7,0.166666666666667,1
"30",0,30,1,0,1,0,0,1,1,0.386666672,0.226666670666667,-0.160000001333333,0,0.48,0,0,1,NA,1,4.1,0.666666666666667,1
"31",0,31,1,0,1,0,0,0,0,0.546666684,0.560000018,0.013333334,0.60000002,0.5,0,0,2,1.58,0,4,0.166666666666667,1
"32",0,32,1,0,1,0,0,0,1,0.946666669333333,0.920000004,-0.0266666653333333,1,0.84,0,0,4,2,0,6.1,0.833333333333333,1
"33",0,33,1,1,0,0,0,0,1,1,0.971428572857143,-0.0285714271428571,1,1.12,0,1,5,2,0,5.6,0.166666666666667,1
"34",0,34,1,0,1,0,0,0,0,1,1,0,1,0.78,0,0,1,1.66,0,6.3,0.166666666666667,1
"35",0,35,1,0,1,0,0,1,1,0.760000009333333,0.680000009333333,-0.08,0.60000002,0.94,0,0,1,1.64,1,5.8,0.166666666666667,1
"36",0,36,1,1,0,0,0,1,0,0.426666678666667,0.346666674666667,-0.080000004,0.2,1.2,1,0,4,2,1,5.3,0.333333333333333,1
"37",0,37,1,0,1,0,0,1,0,0.666666683333333,0.640000014,-0.0266666693333334,0.60000002,0.74,1,0,4,1.56,1,4.8,0,1
"38",0,38,1,1,0,0,0,0,0,0.920000004,0.893333338666667,-0.0266666653333334,0.80000001,1.26,1,0,1,2,0,6.2,0,1
"39",0,39,1,1,0,0,0,1,1,0.400000002,0.573333339333333,0.173333337333333,0.2,0.88,1,0,3,2,1,1.5,0,1
"40",0,40,1,1,0,0,0,0,0,0.506666680666667,0.586666684666667,0.080000004,0.40000001,0.68,0,1,1,1.62,0,2.6,0,1
"41",0,41,1,1,0,0,0,0,0,0.560000004,0.560000007333333,3.33333327606766e-09,0.40000001,0.58,1,1,1,NA,0,3.8,0.166666666666667,1
"42",0,42,1,1,0,0,0,0,1,0.973333334666667,0.960000002,-0.0133333326666667,1,0.68,0,0,5,1.68,0,5.2,0,1
"43",0,43,1,1,0,0,0,0,1,0.133333336666667,0.160000003333333,0.0266666666666667,0,0.54,1,0,2,NA,0,4.2,0.5,1
"44",0,44,1,0,1,0,0,0,0,0.666666683333333,0.666666683333333,0,0.60000002,0.42,1,0,1,0.32,0,5.6,0.166666666666667,1
"45",0,45,1,0,1,0,0,1,0,0.560000010666667,0.573333345333333,0.0133333346666666,0.80000001,0.9,1,0,5,1.7,1,4.9,0.166666666666667,1
"46",0,46,1,1,0,0,0,0,0,0.613333341333333,0.320000004,-0.293333337333333,0.2,0.92,1,1,3,1.3,0,3.3,0.333333333333333,1
"47",0,47,1,0,1,0,0,1,0,0.666666679333333,0.626666681333333,-0.039999998,0.80000001,0.86,1,0,4,1.36,1,4.7,0.333333333333333,1
"48",0,48,1,1,0,0,0,0,0,0.320000007333333,0.186666667333333,-0.13333334,0,0.76,1,0,3,1.02,0,3.9,0.166666666666667,1
"49",0,49,1,1,0,0,0,1,1,0.2,0,-0.2,0,1.08,1,0,5,0,1,5.2,0.666666666666667,1
"50",0,50,1,1,0,0,0,0,1,0.600000011333333,0.600000012,6.66666610804612e-10,0.80000001,0.5,1,1,3,0.68,0,4.3,0.166666666666667,1
"51",0,51,1,0,1,0,0,0,1,0.053333334,0.0133333333333333,-0.0400000006666667,0,0.86,1,0,3,0,0,2.7,0.666666666666667,1
"52",0,52,1,1,0,0,0,0,1,0.400000006666667,0.653333339333333,0.253333332666667,0.80000001,1.18,1,0,3,2,0,4.1,0.166666666666667,1
"53",0,53,1,0,1,0,0,0,1,0.0266666666666667,0,-0.0266666666666667,0,1.1,1,0,2,1.7,0,4.5,0.333333333333333,1
"54",0,54,1,1,0,0,0,1,0,0.960000002,0.920000004,-0.039999998,1,0.9,0,0,5,1.7,1,5.7,0.333333333333333,1
"55",0,55,1,1,0,0,0,0,0,0.573333348,0.586666680666667,0.0133333326666666,0.60000002,0.88,0,0,1,1.2,0,3.7,0.5,1
"56",0,56,1,1,0,0,0,1,0,0.640000018,0.613333352666667,-0.0266666653333333,0.60000002,0.68,0,0,3,0.26,1,3.2,0.333333333333333,1
"57",0,57,1,0,1,0,0,0,1,0.560000009333333,0.453333338,-0.106666671333333,0.2,1.06,0,0,4,1.04,0,3.2,0.166666666666667,1
"58",0,58,1,0,1,0,0,0,1,0.640000012666667,0.520000014666667,-0.119999998,0.40000001,0.38,0,0,3,1.42,0,3.9,0.5,1
"59",0,59,1,0,1,0,0,1,1,0.653333343333333,0.760000009333333,0.106666666,0.80000001,0.36,0,0,3,1.7,1,4.7,0.333333333333333,1
"60",0,60,1,1,0,0,0,1,1,0.960000002,0.973333334666667,0.0133333326666667,1,0.8,0,0,5,2,1,6,0.5,1
"61",0,61,1,1,0,0,0,0,1,0.426666675333333,0.453333338666667,0.0266666633333333,0.80000001,0.42,1,1,1,0.8,0,5.3,0.333333333333333,1
"62",0,62,1,1,0,0,0,1,1,0.880000004666667,0.80000001,-0.0799999946666666,1,0.86,0,0,1,2,1,4.7,0.5,1
"63",0,63,1,1,0,0,0,0,0,0.933333336666667,0.933333336666667,0,1,0.8,0,0,1,1.8,0,5.1,0.166666666666667,1
"64",0,64,1,1,0,0,0,1,0,1,1,0,1,0.68,0,0,5,1.82,1,6.4,0.333333333333333,1
"65",0,65,1,0,1,0,0,1,1,0.440000010666667,0.573333343333333,0.133333332666667,0.60000002,0.6,0,0,5,1.32,1,4.9,0.333333333333333,1
"66",0,66,1,0,1,0,0,1,1,0.626666668666667,0.373333336666667,-0.253333332,1,1.02,1,0,3,2,1,5.3,0.333333333333333,1
"67",0,67,1,1,0,0,0,1,1,0.200000000666667,0.213333334,0.0133333333333333,0.2,0.48,1,0,4,1.02,1,2.9,1,1
"68",0,68,1,0,1,0,0,1,0,1,1,0,1,0.52,0,0,1,1.84,1,6.2,0.333333333333333,1
"69",0,69,1,0,1,0,0,1,0,1,0.960000002,-0.039999998,1,0.82,0,0,1,1.82,1,6.3,0.666666666666667,1
"70",0,70,1,1,0,0,0,1,0,0.973333334666667,1,0.0266666653333333,1,0.92,0,0,1,0,1,6.4,0.5,1
"71",0,71,1,0,1,0,0,1,0,0.960000002,0.946666669333333,-0.0133333326666667,1,0.88,0,0,5,2,1,5.8,0.5,1
"72",0,72,1,1,0,0,0,1,1,0.826666672666667,0.680000009333333,-0.146666663333333,0.80000001,0.74,0,0,3,1.54,1,4.4,0.333333333333333,1
"73",0,73,1,0,1,0,0,0,0,0.906666671333333,0.866666673333333,-0.039999998,0.80000001,0.38,0,1,3,1.94,0,6.4,0.166666666666667,1
"74",0,74,1,0,1,0,0,0,0,1,1,0,1,0.78,0,1,1,1.78,0,6.4,0.166666666666667,1
"75",0,75,1,0,1,0,0,0,0,1,0.986666667333333,-0.0133333326666667,1,0.7,0,0,1,2,0,6.4,0.166666666666667,1
"76",0,76,1,0,1,0,0,0,1,0.693333341333333,0.666666678,-0.0266666633333333,0.80000001,0.58,0,0,1,1.66,0,5,0.333333333333333,1
"77",0,77,1,0,1,0,0,0,1,0.280000006666667,0.693333343333333,0.413333336666667,0.2,1.3,1,0,1,2,0,3.9,0.166666666666667,1
"78",0,78,1,1,0,0,0,1,1,0.960000002,0.986666667333333,0.0266666653333333,1,1.24,1,0,3,1.22,1,3.9,0.333333333333333,1
"79",0,79,1,1,0,0,0,0,1,0.58666667,0.733333337333333,0.146666667333333,0.80000001,1.42,0,0,1,2,0,6.3,0.166666666666667,1
"80",0,80,1,1,0,0,0,0,1,0.10666667,0.333333336666667,0.226666666666667,0,0.62,1,0,1,0.6,0,2.8,0.5,1
"81",0,81,1,0,1,0,0,1,1,0.0533333346666667,0.320000009333333,0.266666674666667,0,1.16,0,0,4,0.38,1,3,0.5,1
"82",0,82,1,0,1,0,0,1,1,0.866666666666667,0.933333333333333,0.0666666666666667,1,1.26,1,0,3,2,1,5.8,0.166666666666667,1
"83",0,83,1,1,0,0,0,0,1,0.106666667333333,0.0933333353333333,-0.013333332,0,0.5,0,0,2,0,0,2.6,0.166666666666667,1
"84",0,84,1,1,0,0,0,1,1,0.493333342,0.573333341333333,0.0799999993333333,0.80000001,1.28,1,0,4,0.98,1,2.9,0.166666666666667,1
"85",0,85,1,1,0,0,0,1,1,0,0,0,0,0.66,0,0,3,0,1,7,1,1
"86",0,86,1,0,1,0,0,0,1,1,1,0,1,0.58,1,0,3,2,0,6.4,0.333333333333333,1
"87",0,87,1,1,0,0,0,1,1,0.426666674666667,0.333333338666667,-0.093333336,0.2,0.78,1,1,3,1.04,1,4.8,0.166666666666667,1
"88",0,88,1,0,1,0,0,1,1,0.320000006666667,0.280000004666667,-0.040000002,0.2,0.78,1,0,5,1.28,1,4.7,0.333333333333333,1
"89",0,89,1,1,0,0,0,0,1,0.666666680666667,0.760000012,0.0933333313333333,0.40000001,0.78,1,0,3,2,0,5.3,0.333333333333333,1
"90",0,90,1,1,0,0,0,1,1,0.373333338666667,0.08,-0.293333338666667,0,1.36,1,0,5,0.92,1,5.1,0.666666666666667,1
"91",0,91,1,1,0,0,0,0,1,0.0933333353333333,0.306666672666667,0.213333337333333,0.2,0.62,1,0,2,1.24,0,4.1,1,1
"92",0,92,1,1,0,0,0,1,0,0.480000010666667,0.373333340666667,-0.10666667,0.40000001,0.58,1,0,5,0.5,1,4.2,0.666666666666667,1
"93",0,93,1,1,0,0,0,1,1,0.346666672666667,0.106666668,-0.240000004666667,0,0.62,1,1,4,NA,1,3,0.333333333333333,1
"94",0,94,1,0,1,0,0,0,1,0.386666669333333,0.693333334,0.306666664666667,1,0.58,1,1,1,0.1,0,6.4,0.333333333333333,1
"95",0,95,1,1,0,0,0,0,1,0.0266666666666667,0.173333334666667,0.146666668,0,1.04,1,0,2,1.66,0,2.3,1,1
"96",0,96,1,0,1,0,0,1,1,0.413333338,0.293333338666667,-0.119999999333333,0,0.88,1,0,5,0.14,1,3.5,0.333333333333333,1
"97",0,97,1,1,0,0,0,1,1,0.04,0.106666666666667,0.0666666666666667,0,1.26,1,0,4,1.44,1,3.9,0.5,1
"98",0,98,1,1,0,0,0,0,1,0.666666672666667,0.480000006,-0.186666666666667,1,0.62,1,0,3,1.7,0,4.3,0.166666666666667,1
"99",0,99,1,0,1,0,0,0,1,0.586666680666667,0.546666678666667,-0.040000002,0.40000001,0.38,1,0,2,1.22,0,4.2,0.5,1
"100",0,100,1,0,1,0,0,1,1,0.640000003333333,0.293333335333333,-0.346666668,0.2,0.58,0,0,3,0.74,1,3.8,0.333333333333333,1
"101",0,101,1,1,0,0,0,0,0,0.853333336,0.853333336666667,6.66666721826914e-10,1,0.74,1,0,3,0.48,0,3.1,0.5,1
"102",0,102,1,0,1,0,0,1,1,0.600000014666667,0.72000001,0.119999995333333,0.40000001,0.74,1,0,5,1.98,1,3.7,0.166666666666667,1
"103",0,103,1,0,1,0,0,0,1,0.41333334,0.400000007333333,-0.0133333326666666,0.60000002,0.76,1,0,2,1.84,0,2.5,0.333333333333333,1
"104",0,104,1,1,0,0,0,1,1,0.506666679333333,0.413333344,-0.0933333353333333,0.40000001,1.32,1,0,3,0.62,1,3.2,0.333333333333333,1
"105",0,105,1,1,0,0,0,0,1,0.506666682666667,0.493333348,-0.0133333346666667,0.40000001,0.66,1,0,3,1,0,3.6,0.666666666666667,1
"106",0,106,1,0,1,0,0,0,1,0.226666669333333,0.293333341333333,0.066666672,0.2,1.34,1,0,3,1.56,0,6.1,0.5,1
"107",0,107,1,0,1,0,0,0,1,0.880000004666667,0.893333338666667,0.013333334,1,0.7,1,0,1,1.6,0,6.7,0.333333333333333,1
"108",0,108,1,1,0,0,0,0,1,0.53333335,0.440000012666667,-0.0933333373333333,0.60000002,0.76,1,0,3,2,0,4.6,0.5,1
"109",0,109,1,1,0,0,0,1,0,0.0266666673333333,0,-0.0266666673333333,0,0.62,1,0,3,NA,1,4.2,0.666666666666667,1
"110",0,110,1,0,1,0,0,0,1,0,0.120000000666667,0.120000000666667,0,1,1,0,3,0,0,2.4,0.833333333333333,1
"111",0,111,1,1,0,0,0,1,1,0.506666676,0.400000008666667,-0.106666667333333,0.40000001,0.64,1,0,3,0.62,1,2,0.666666666666667,1
"112",0,112,1,0,1,0,0,0,1,0.600000014666667,0.642857156428571,0.0428571417619048,0.40000001,0.64,1,0,3,1.18,0,4.2,0.333333333333333,1
"113",0,113,1,1,0,0,0,0,1,0.173333333333333,0.240000002666667,0.0666666693333333,0.2,0.5,1,0,2,0.5,0,5.5,0.333333333333333,1
"114",0,114,1,0,1,0,0,1,0,0.400000004,0.186666668,-0.213333336,0,0.68,1,1,5,2,1,3.5,0.166666666666667,1
"115",0,115,1,0,1,0,0,1,0,0.306666671333333,0.25333334,-0.0533333313333333,0,1.12,1,0,3,0.16,1,4.3,0.333333333333333,1
"116",0,116,1,1,0,0,0,1,0,0.640000008666667,0.546666673333333,-0.0933333353333333,0.40000001,1.1,1,0,3,0.72,1,4.7,0.166666666666667,1
"117",0,117,1,0,1,0,0,1,1,0.253333339333333,0.506666677333333,0.253333338,0.60000002,0.62,1,0,2,1.38,1,5.1,1,1
"118",0,118,1,1,0,0,0,0,1,0.320000007333333,0.293333338,-0.0266666693333333,0,1.38,1,0,3,1.56,0,5,0.333333333333333,1
"119",0,119,1,0,1,0,0,0,1,0.053333334,0,-0.053333334,0,0.9,1,1,3,0.12,0,3.9,0.333333333333333,1
"120",0,120,1,1,0,0,0,0,1,0.293333333333333,0.253333335333333,-0.039999998,0,0.7,1,0,3,0.62,0,5.6,0.166666666666667,1
"121",0,121,1,0,1,0,0,0,0,0.533333344666667,0.440000010666667,-0.093333334,0.40000001,0.72,1,0,3,1.06,0,2.9,0.166666666666667,1
"122",0,122,1,1,0,0,0,1,1,0.280000007333333,0.173333338666667,-0.106666668666667,0.40000001,0.68,1,0,3,1.6,1,5.4,0.5,1
"123",0,123,1,0,1,0,0,0,1,0.226666672666667,0.413333339333333,0.186666666666667,0.40000001,0.82,1,0,3,1.04,0,5.1,0.166666666666667,1
"124",0,124,1,1,0,0,0,0,1,0.946666669333333,0.773333342,-0.173333327333333,0.80000001,0.86,1,0,3,1.6,0,4.3,0.166666666666667,1
"125",0,125,1,0,1,0,0,1,1,1,1,0,1,0.76,1,0,3,NA,1,6.1,0.5,1
"126",0,126,1,1,0,0,0,0,0,0.560000015333333,0.653333349333333,0.093333334,0.60000002,0.4,1,0,3,1.48,0,5.5,0.166666666666667,1
"127",0,127,1,0,1,0,0,1,0,0.493333337333333,0.560000010666667,0.0666666733333333,0.60000002,0.92,0,0,5,1.04,1,3.4,0.666666666666667,1
"128",0,128,1,1,0,0,0,0,1,0.906666671333333,0.786666672666667,-0.119999998666667,1,0.58,1,0,2,2,0,4.4,0.5,1
"129",0,129,1,0,1,0,0,1,1,0.600000017333333,0.626666684,0.0266666666666666,0.60000002,0.74,0,0,5,1.34,1,4.9,0.666666666666667,1
"130",0,130,1,0,1,0,0,1,1,0.613333348666667,0.666666679333333,0.0533333306666667,0.60000002,0.74,1,0,5,1.06,1,4.4,0.166666666666667,1
"131",0,131,1,1,0,0,0,1,0,0,0,0,0,1.06,0,0,3,1.04,1,4.4,0.666666666666667,1
"132",0,132,1,1,0,0,0,0,1,0.320000008666667,0.453333344666667,0.133333336,0.60000002,0.7,1,0,3,0.22,0,4.8,0.333333333333333,1
"133",0,133,1,1,0,0,0,0,0,0.46666668,0.453333346,-0.013333334,0.60000002,1.06,1,0,2,1.6,0,4.2,0.5,1
"134",0,134,1,1,0,0,0,0,0,0.786666673333333,0.813333342666667,0.0266666693333334,1,0.6,1,0,3,2,0,5.6,0.166666666666667,1
"135",0,135,1,0,1,0,0,1,1,0.0933333333333333,0.16,0.0666666666666667,0.2,1.46,1,0,4,1.58,1,5.3,0.333333333333333,1
"136",0,136,1,0,1,0,0,0,1,0,0,0,0,1.36,1,0,3,1.4,0,3.4,0.333333333333333,1
"137",0,137,1,1,0,0,0,1,1,0.986666667333333,0.946666669333333,-0.039999998,1,0.64,1,1,4,2,1,5.4,0.333333333333333,1
"138",0,138,1,0,1,0,0,1,1,0.520000012,0.666666680666667,0.146666668666667,0.2,0.76,1,0,4,1.4,1,5.1,0.333333333333333,1
"139",0,139,1,1,0,0,0,0,1,0.626666675333333,0.680000014666667,0.0533333393333333,0.2,0.98,0,0,3,2,0,3.8,0.333333333333333,1
"140",0,140,1,0,1,0,0,0,1,0.080000002,0.0933333346666667,0.0133333326666667,0,1.4,1,0,2,1.88,0,4.6,0.166666666666667,1
"141",0,141,1,1,0,0,0,1,1,0.133333335333333,0.200000003333333,0.066666668,0.2,1.28,1,0,5,0.56,1,3.4,0.333333333333333,1
"142",0,142,1,0,1,0,0,0,1,0.280000006666667,0.480000012,0.200000005333333,0.40000001,0.38,1,0,1,1.22,0,4.1,1,1
"143",0,143,1,1,0,0,0,0,1,0,0,0,0,1.42,1,0,1,1.54,0,6.8,0.5,1
"144",0,144,1,1,0,0,0,0,1,0.560000004,0.626666676666667,0.0666666726666666,0.80000001,1.06,1,0,2,NA,0,5,0.333333333333333,1
"145",0,145,1,0,1,0,0,1,0,0.920000004,0.786666677333333,-0.133333326666667,0.60000002,0.8,1,0,4,1.1,1,4,0.5,1
"146",0,146,1,0,1,0,0,0,1,0.960000002,0.957142859285714,-0.00285714271428572,0.80000001,0.54,1,0,3,2,0,6.5,0.333333333333333,1
"147",0,147,1,0,1,0,0,1,1,0.400000007333333,0.626666676666667,0.226666669333333,0.2,1.16,1,0,5,1.7,1,4.66666666666667,0.666666666666667,1
"148",0,148,1,1,0,0,0,1,1,0.426666668666667,0.480000002666667,0.053333334,0,0.54,1,0,3,NA,1,6.4,0.166666666666667,1
"149",0,149,1,0,1,0,0,1,1,0.333333338666667,0.253333336,-0.0800000026666666,0.2,0.64,1,0,3,0.44,1,4.3,0.166666666666667,1
"150",0,150,1,0,1,0,0,0,1,0.933333336666667,0.880000004666667,-0.053333332,1,0.62,1,0,3,2,0,6.3,0.166666666666667,1
"151",0,151,1,1,0,0,0,0,0,0.986666667333333,0.906666671333333,-0.079999996,1,0.78,1,0,3,2,0,6.7,0.5,1
"152",0,152,1,1,0,0,0,0,1,0.666666674,0.480000007333333,-0.186666666666667,0.60000002,0.58,1,0,3,0,0,2.8,0.5,1
"153",0,153,1,0,1,0,0,0,1,0.840000008,0.800000007333333,-0.0400000006666666,0.80000001,0.72,1,0,3,1,0,4.9,0.166666666666667,1
"154",0,154,1,0,1,0,0,1,1,0.360000008,0.160000000666667,-0.200000007333333,0,0.9,1,0,4,0.52,1,2.1,1,1
"155",0,155,1,0,1,0,0,1,1,0.853333340666667,0.866666673333333,0.0133333326666667,0.60000002,0.64,1,0,3,1.86,1,4.3,0.5,1
"156",0,156,1,0,1,0,0,0,1,0.53333334,0.400000006666667,-0.133333333333333,0.40000001,0.7,1,0,3,1.4,0,3.3,0.166666666666667,1
"157",0,157,1,0,1,0,0,0,1,0,0,0,0,0.92,1,0,3,1,0,2.7,0.833333333333333,1
"158",0,158,1,0,1,0,0,0,1,0.666666678,0.62666668,-0.039999998,0.80000001,0.78,1,0,1,1.26,0,4.7,0.333333333333333,1
"159",0,159,1,0,1,0,0,1,1,0.160000002,0.146666669333333,-0.0133333326666667,0,0.62,1,0,3,0.48,1,3.3,0.333333333333333,1
"160",0,160,1,1,0,0,0,0,1,0.0266666666666667,0.146666666666667,0.12,0,1.46,1,0,3,1.46,0,3.5,0.166666666666667,1
"161",0,161,1,0,1,0,0,0,1,0.333333342,0.506666680666667,0.173333338666667,0.2,1.22,1,0,3,1.82,0,4.5,0.5,1
"162",0,162,1,1,0,0,0,1,1,0.840000005333333,0.693333343333333,-0.146666662,0.80000001,0.52,1,0,5,1.58,1,6,0.833333333333333,1
"163",0,163,1,1,0,0,0,0,1,0.346666674666667,0.440000010666667,0.093333336,0.40000001,0.64,1,0,3,1.42,0,5.9,0.166666666666667,1
"164",0,164,1,0,1,0,0,1,1,0.61333335,0.573333352,-0.039999998,0.60000002,1.14,1,0,4,0.5,1,3.8,0.5,1
"165",0,165,1,0,1,0,0,0,1,0.480000011333333,0.560000011333333,0.08,0.80000001,0.64,1,0,3,1.44,0,4.8,0.333333333333333,1
"166",0,166,1,1,0,0,0,1,0,0.0533333346666667,0.0400000006666667,-0.013333334,0.40000001,0.5,1,0,5,1.2,1,4,0.333333333333333,1
"167",0,167,1,0,1,0,0,0,1,0.146666670666667,0.186666668,0.0399999973333333,0,1,1,0,3,0.34,0,5,0.666666666666667,1
"168",0,168,1,0,1,0,0,1,1,0.106666669333333,0.093333336,-0.0133333333333333,0.40000001,0.6,1,0,3,0,1,3.1,0.166666666666667,1
"169",0,169,1,0,1,0,0,1,1,0.226666670666667,0.440000012666667,0.213333342,0.2,1.26,1,0,4,0.6,1,3.3,0.166666666666667,1
"170",0,170,1,1,0,0,0,0,1,0.666666674666667,0.546666675333333,-0.119999999333333,0.2,1.22,1,1,3,1.38,0,4.7,0.5,1
"171",0,171,1,0,1,0,0,0,1,0.546666672,0.426666672666667,-0.119999999333333,0.80000001,0.72,1,0,2,1.8,0,3.5,0.666666666666667,1
"172",0,172,1,1,0,0,0,1,1,0.840000006666667,0.826666672666667,-0.0133333339999999,1,0.6,1,1,3,1.66,1,4.9,0.333333333333333,1
"173",0,173,1,1,0,0,0,1,1,0.0666666673333333,0.157142861428571,0.0904761940952381,0,1,1,0,5,1.44,1,4.5,0.166666666666667,1
"174",0,174,1,0,1,0,0,1,1,0.893333338666667,0.760000012,-0.133333326666667,0.80000001,1.4,1,0,4,1.22,1,2.7,0.5,1
"175",0,175,1,0,1,0,0,1,1,0.413333338666667,0.386666675333333,-0.0266666633333333,0.2,1.6,1,0,4,1.42,1,4.1,0.5,1
"176",0,176,1,1,0,0,0,0,0,0.293333336666667,0.760000008666667,0.466666672,0,1.4,1,0,1,1.2,0,4.1,0.5,1
"177",0,177,1,1,0,0,0,0,1,0.0666666673333333,0.173333337333333,0.10666667,0.2,0.82,1,0,1,0.46,0,3.8,0.666666666666667,1
"178",0,178,1,0,1,0,0,0,1,0.133333336,0.480000013333333,0.346666677333333,0.2,1.28,1,0,1,1.6,0,3.7,1,1
"179",0,179,1,0,1,0,0,1,1,0.0533333346666667,0.0266666666666667,-0.026666668,0,1.58,1,0,4,1.64,1,3.9,0.666666666666667,1
"180",0,180,1,0,1,0,0,1,1,0,0,0,0,1.3,1,0,5,0.2,1,3.1,0.666666666666667,1
"181",0,181,1,0,1,0,0,0,1,0,0,0,0,1.28,1,0,2,1.5,0,3.7,0.5,1
"182",0,182,1,1,0,0,0,1,1,0.346666674,0.253333339333333,-0.0933333346666667,0.2,0.46,1,0,3,0.22,1,2.3,0.166666666666667,1
"183",0,183,1,0,1,0,0,0,1,0.893333338666667,0.746666676666667,-0.146666662,0.60000002,1.06,1,0,3,2,0,4.9,0.5,1
"184",0,184,1,1,0,0,0,1,0,0.613333351333333,0.613333352666667,1.33333333263153e-09,0.60000002,1.06,1,0,2,NA,1,3.4,0.166666666666667,1
"185",0,185,1,1,0,0,0,1,1,0.413333344,0.546666682666667,0.133333338666667,0.40000001,1.46,1,0,4,0.56,1,4.4,0.333333333333333,1
"186",0,186,1,0,1,0,0,0,1,0.466666675333333,0.400000009333333,-0.066666666,0,0.48,1,0,2,1.44,0,4.7,0.333333333333333,1
"187",0,187,1,1,0,0,0,0,1,0.133333336666667,0.400000010666667,0.266666674,0,0.66,1,0,2,0.56,0,2.9,0.5,1
"188",0,188,1,1,0,0,0,1,1,0.280000005333333,0.520000013333333,0.240000008,0.60000002,0.8,1,0,5,NA,1,3.6,0.5,1
"189",0,189,1,0,1,0,0,1,1,0.200000004,0.106666669333333,-0.0933333346666666,0,1.24,1,0,5,0.08,1,2.3,0.5,1
"190",0,190,1,1,0,0,0,1,0,1,0.986666667333333,-0.0133333326666667,1,0.8,0,1,3,2,1,7,0.166666666666667,1
"191",0,191,1,0,1,0,0,1,1,0.81333334,0.706666677333333,-0.106666662666667,0.80000001,1.66,1,0,5,1.42,1,4.1,0.166666666666667,1
"192",0,192,1,1,0,0,0,0,1,0.146666669333333,0.266666670666667,0.120000001333333,0,1.4,1,0,2,1.2,0,3.2,0.333333333333333,1
"193",0,193,1,1,0,0,0,0,1,0.520000013333333,0.480000013333333,-0.04,0.40000001,1.18,1,0,4,2,0,5.3,0.333333333333333,1
"194",0,194,1,1,0,0,0,0,1,0.48000001,0.613333348666667,0.133333338666667,0.80000001,0.72,1,0,3,1.36,0,4.1,0.333333333333333,1
"195",0,195,1,1,0,0,0,0,1,0.546666678,0.73333334,0.186666662,0.60000002,0.38,1,0,1,0.98,0,4.3,0.333333333333333,1
"196",0,196,1,0,1,0,0,1,1,0.200000004666667,0.0400000006666667,-0.160000004,0,0.98,1,0,4,0.4,1,3.4,0.666666666666667,1
"197",0,197,1,0,1,0,0,1,1,0.520000012666667,0.466666677333333,-0.0533333353333333,0.60000002,1.2,1,0,4,1.24,1,4,0.333333333333333,1
"198",0,198,1,1,0,0,0,1,1,0.280000002666667,0.586666673333333,0.306666670666667,0.80000001,1.6,1,0,3,1.84,1,5,0.5,1
"199",0,199,1,1,0,0,0,1,1,0,0.053333334,0.053333334,0,1.38,0,0,5,0,1,5.7,0.333333333333333,1
"200",0,200,1,1,0,0,0,1,1,0.0133333333333333,0.173333336,0.160000002666667,0,1.22,1,0,3,1.02,1,4.8,0.5,1
"201",0,201,1,0,1,0,0,1,0,0.813333334666667,0.653333338,-0.159999996666667,0,0.92,1,0,4,0.12,1,6.4,0.166666666666667,1
"202",0,202,1,1,0,0,0,0,1,0.506666674666667,0.853333340666667,0.346666666,0.60000002,1.12,0,0,3,2,0,3.6,1,1
"203",0,203,1,0,1,0,0,0,1,0.0133333333333333,0.0666666666666667,0.0533333333333333,0,1.54,1,0,1,1.82,0,3.1,0.5,1
"204",0,204,1,1,0,0,0,1,1,0.0266666666666667,0.146666668666667,0.120000002,0,0.8,0,0,3,0.12,1,5.2,0.333333333333333,1
"205",0,205,1,1,0,0,0,0,1,0,0,0,0,0.72,0,0,2,0,0,1,0.5,1
"206",0,206,1,0,1,0,0,1,1,0.493333346,0.493333346,0,0.40000001,1.24,1,0,5,NA,1,6.1,0.833333333333333,1
"207",0,207,1,0,1,0,0,1,0,0.0800000006666667,0.133333335333333,0.0533333346666667,0,1.36,1,0,5,1.84,1,5.4,0.333333333333333,1
"208",0,208,1,1,0,0,0,1,1,0,0,0,0,0.98,1,0,5,0.14,1,3.1,0.5,1
"209",0,209,1,0,1,0,0,1,1,0.093333336,0.200000003333333,0.106666667333333,0,1.3,0,0,4,NA,1,5.9,0.333333333333333,1
"210",0,210,1,0,1,0,0,0,1,0.626666674666667,0.746666673333333,0.119999998666667,1,0.92,1,1,3,1.36,0,3.8,0.166666666666667,1
"211",0,211,1,1,0,0,0,1,1,0.480000011333333,0.33333334,-0.146666671333333,0.40000001,1,1,0,4,1.46,1,4.4,0.333333333333333,1
"212",0,212,1,1,0,0,0,1,1,0.226666670666667,0.493333342,0.266666671333333,0.2,1.46,1,0,5,1.64,1,6.3,0.5,1
"213",0,213,1,1,0,0,0,1,1,0,0,0,0,1.3,1,0,5,2,1,4.3,0.333333333333333,1
"214",0,214,1,1,0,0,0,0,1,0.120000001333333,0.066666668,-0.0533333333333333,0,1.1,1,0,3,1.66,0,3.7,0.666666666666667,1
"215",0,215,1,0,1,0,0,1,1,0.493333342,0.453333343333333,-0.0399999986666667,0.2,0.82,0,0,3,0.46,1,4.7,0.5,1
"216",0,216,1,1,0,0,0,0,0,0.693333342,0.693333342,0,0.60000002,1.36,1,0,4,NA,0,5.3,0.333333333333333,1
"217",0,217,1,1,0,0,0,0,1,0.08,0.16,0.08,0,1.34,1,0,2,1.62,0,3.8,0.5,1
"218",0,218,1,0,1,0,0,1,1,0,0,0,0,1.22,0,0,2,1,1,3.7,0.5,1
"219",0,219,1,1,0,0,0,1,1,0.400000008666667,0.466666676666667,0.066666668,0.2,1.02,1,0,4,0.72,1,4.3,0.5,1
"220",0,220,1,1,0,0,0,0,1,0.160000002666667,0.666666675333333,0.506666672666667,0.40000001,1.32,1,0,2,1.22,0,3.6,0.666666666666667,1
"221",0,221,1,1,0,0,0,0,1,0.04,0.120000002,0.080000002,0,1.22,1,0,3,1.6,0,3.2,0.333333333333333,1
"222",0,222,1,0,1,0,0,1,1,0,0,0,0,1.34,0,0,3,0.56,1,2.3,0.666666666666667,1
"223",0,223,1,1,0,0,0,0,1,0.093333334,0.226666669333333,0.133333335333333,0,1.14,1,0,3,1.1,0,3.7,0.166666666666667,1
"224",0,224,1,0,1,0,0,0,1,0.0666666686666667,0.04,-0.0266666686666667,0,1.3,1,0,1,1.6,0,2.8,1,1
"225",0,225,1,0,1,0,0,1,1,0.0666666686666667,0.106666668666667,0.04,0,1.24,1,0,5,0.4,1,1.8,0.666666666666667,1
"226",0,226,1,0,1,0,0,1,1,0.280000004666667,0.0800000013333333,-0.200000003333333,0.80000001,0.42,0,1,4,0.14,1,3.4,1,1
"227",0,227,1,0,1,0,0,1,1,0.173333338666667,0.360000004666667,0.186666666,0,1.26,0,0,3,0.4,0.531141504789032,5.7,0.333333333333333,1
"228",0,228,1,0,1,0,0,1,1,0,0,0,0,1.24,0,0,5,0.2,1,4.5,1,1
"229",0,229,1,0,1,0,0,1,0,0.360000005333333,0.226666671333333,-0.133333334,0.60000002,0.66,0,0,3,1.26,0.531141504789032,5.7,0.333333333333333,1
"230",0,230,1,1,0,0,0,0,1,0.240000004,0.426666678,0.186666674,0.60000002,0.54,1,0,3,1.2,0,3.3,0.5,1
"231",0,231,1,0,1,0,0,1,0,0.373333339333333,0.373333342,2.66666666526305e-09,0,1.34,1,0,4,1.4,1,2.4,0.166666666666667,1
"232",0,232,1,0,1,0,0,0,1,0.213333335333333,0.240000002666667,0.0266666673333333,0.40000001,0.54,0,1,3,0,0,3.8,0.666666666666667,1
"233",0,233,1,1,0,0,0,0,1,0.36000001,0.360000008,-1.99999999894729e-09,0,0.54,0,0,2,1.3,0,3.1,0.833333333333333,1
"234",0,234,1,0,1,0,0,0.463633865839777,0,0.866666669333333,0.973333334666667,0.106666665333333,0.2,0.46,0,0,3,0.6,0.463633865839777,5.2,0.333333333333333,1
"235",0,235,1,1,0,0,0,0,0,0.720000008666667,0.773333344666667,0.053333336,0.80000001,0.7,1,0,1,1.42,0,5.1,0.166666666666667,1
"236",0,236,1,1,0,0,0,0,1,0,0,0,0,0.82,0,0,3,0.4,0,2.4,1,1
"237",0,237,1,1,0,0,0,0,1,0.533333337333333,0.853333335333333,0.319999998,0.80000001,1.44,1,0,4,1.84,0,5,0.333333333333333,1
"238",0,238,1,1,0,0,0,1,1,0.333333339333333,0.173333336666667,-0.160000002666667,0,1.44,0,0,5,0,1,3.6,0.666666666666667,1
"239",0,239,1,1,0,0,0,0,1,0.626666682666667,0.746666679333333,0.119999996666667,0.60000002,0.66,0,0,3,1.58,0,5.3,0.166666666666667,1
"240",0,240,1,0,1,0,0,0,0,0.120000000666667,0.08,-0.0400000006666667,0.2,1.16,0,0,3,0.64,0,5,0.166666666666667,1
"241",0,241,1,0,1,0,0,1,0,1,1,0,1,1.12,0,0,4,2,1,5.5,0.333333333333333,1
"242",0,242,1,0,1,0,0,0,1,0.280000006666667,0.453333342,0.173333335333333,0.40000001,0.58,1,0,2,1.2,0,4.4,0.833333333333333,1
"243",0,243,1,1,0,0,0,1,0,0.533333342,0.413333345333333,-0.119999996666667,0.80000001,0.6,0,0,4,0.42,1,4.8,0.333333333333333,1
"244",0,244,1,0,1,0,0,0,1,0.093333334,0.386666673333333,0.293333339333333,0.40000001,0.76,0,0,2,1.06,0,4.2,0.666666666666667,1
"245",0,245,1,1,0,0,0,0,0,0.146666668,0.466666666666667,0.319999998666667,0,0.94,0,0,3,2,0,3.1,0.333333333333333,1
"246",0,246,1,0,1,0,0,0,0,0.693333340666667,0.853333337333333,0.159999996666667,0.80000001,1.26,1,0,3,1.64,0,4.6,0.333333333333333,1
"247",0,247,1,0,1,0,0,1,1,0.306666673333333,0.42666668,0.120000006666667,0,1.36,1,0,5,0,1,3.8,0.166666666666667,1
"248",0,248,1,0,1,0,0,1,0,0.80000001,0.746666675333333,-0.0533333346666667,1,0.8,0,1,4,1.68,1,5,0.333333333333333,1
"249",0,249,1,1,0,0,0,1,1,0.706666676,0.800000006,0.09333333,0.80000001,0.52,0,0,3,0.52,1,4.5,0.166666666666667,1
"250",0,250,1,1,0,0,0,0,1,0.186666671333333,0.573333346,0.386666674666667,0.60000002,0.9,0,0,1,2,0,5,0.5,1
"251",0,251,1,1,0,0,0,1,1,0.6,0.4,-0.2,0,0.82,0,0,3,2,1,4.9,0.5,1
"252",0,252,1,1,0,0,0,1,1,0.493333346666667,0.573333349333333,0.0800000026666667,0.40000001,1.5,0,0,5,1.42,1,5.9,0.5,1
"253",0,253,1,0,1,0,0,1,1,0.0266666666666667,0.0533333346666667,0.026666668,0,0.92,0,0,2,0.4,1,3.1,0.666666666666667,1
"254",0,254,1,1,0,0,0,0,0,0.946666669333333,0.853333340666667,-0.0933333286666667,1,0.76,0,0,4,1.1,0,4.1,0.5,1
"255",0,255,1,1,0,0,0,1,1,0.360000004,0.413333338,0.053333334,0.40000001,1.56,0,0,5,0.2,1,3.1,0.5,1
"256",0,256,1,0,1,0,0,0.463633865839777,1,0.786666673333333,0.81333334,0.0266666666666667,0.60000002,1.48,1,0,4,1.84,0.463633865839777,5,0.5,1
"257",0,257,1,0,1,0,0,0,1,0.133333336666667,0.306666673333333,0.173333336666667,0,1.36,1,0,1,1.2,0,3.2,0.333333333333333,1
"258",0,258,1,1,0,0,0,1,1,0.760000009333333,0.720000011333333,-0.039999998,0.60000002,1.32,0,0,4,1.24,1,5.1,0.166666666666667,1
"259",0,259,1,0,1,0,0,0,1,0.146666671333333,0.373333342666667,0.226666671333333,0,1.12,0,0,2,1.7,0,4.7,0.166666666666667,1
"260",0,260,1,1,0,0,0,1,1,0.813333339333333,0.893333337333333,0.079999998,1,1.44,0,0,4,0.44,1,4.2,1,1
"261",0,261,1,0,1,0,0,1,1,0.453333344666667,0.106666668,-0.346666676666667,0.80000001,0.82,0,0,4,1.2,1,3.1,0.333333333333333,1
"262",0,262,1,1,0,0,0,0,1,0.0533333346666667,0.160000004,0.106666669333333,0,1.3,0,0,4,0.6,0,5.4,0.333333333333333,1
"263",0,263,1,0,1,0,0,1,0,0.453333342666667,0.480000012,0.0266666693333333,0.60000002,1.4,0,0,5,1.38,1,5.7,0.666666666666667,1
"264",0,264,1,1,0,0,0,0,1,0.533333344666667,0.480000012666667,-0.0533333320000001,0.40000001,1.48,0,0,2,0.18,0,3.8,0.333333333333333,1
"265",0,265,1,0,1,0,0,1,0,0.520000006666667,0.426666673333333,-0.0933333333333334,0.40000001,1.66,0,0,5,NA,1,4.8,0.833333333333333,1
"266",0,266,1,0,1,0,0,1,1,0.053333334,0.0133333333333333,-0.0400000006666667,0,1.34,0,0,3,0.18,1,3,0.666666666666667,1
"267",0,267,1,1,0,0,0,1,1,0.800000008666667,0.760000009333333,-0.0399999993333333,0.60000002,1.26,0,0,5,1.62,1,4.9,0.666666666666667,1
"268",0,268,1,0,1,0,0,1,1,0.373333335333333,0.453333334666667,0.0799999993333333,0,0.86,0,0,3,1.2,1,3.3,0.166666666666667,1
"269",0,269,1,1,0,0,0,0,1,0.253333336,0.880000001333333,0.626666665333333,1,1.54,0,0,1,1.98,0,3.5,0.166666666666667,1
"270",0,270,1,0,1,0,0,0,1,0.253333337333333,0.400000006,0.146666668666667,0,1.3,0,0,4,1.98,0,3.6,0.666666666666667,1
"271",0,271,1,0,1,0,0,1,1,0.253333336,0.253333336,0,0.2,1.34,0,0,4,1.02,1,3.9,0.666666666666667,1
"272",0,272,1,0,1,0,0,0,1,0,0,0,0,1.54,0,0,2,0.6,0,3.6,1,1
"273",0,273,1,0,1,0,0,1,1,0.053333334,0.053333334,0,0,1.4,0,0,5,0.2,1,4,0.666666666666667,1
"274",0,274,1,0,1,0,0,0,1,0,0,0,0,1.42,0,0,3,1.12,0,5.2,0.5,1
"275",0,275,1,1,0,0,0,1,1,0.0133333333333333,0.280000006666667,0.266666673333333,0,0.96,0,0,4,1.2,1,3.2,1,1
"276",0,276,1,1,0,0,0,0,0,0.413333340666667,0.52000001,0.106666669333333,0.80000001,1.06,0,0,3,1.56,0,4,0.833333333333333,1
"277",0,277,1,0,1,0,0,1,1,0.493333342,0.466666674666667,-0.0266666673333333,0.80000001,0.76,0,0,2,0.6,1,2.8,0.666666666666667,1
"278",0,278,1,0,1,0,0,0,1,0.0400000013333333,0,-0.0400000013333333,0,1.42,0,0,5,0.16,0,4,0.833333333333333,1
"279",0,279,1,1,0,0,0,1,1,0.960000002,0.986666667333333,0.0266666653333333,1,0.4,0,0,1,2,1,5.6,0.5,1
"280",0,280,1,0,1,0,0,0,1,0.0800000006666667,0.293333338666667,0.213333338,0.2,0.4,0,0,1,0.72,0,5.2,0.166666666666667,1
"281",0,281,1,1,0,0,0,1,1,0.466666676,0.573333350666667,0.106666674666667,0.40000001,0.62,0,0,4,1.4,1,3.4,0.333333333333333,1
"282",0,282,1,1,0,0,0,0,0,0.760000008,0.693333347333333,-0.0666666606666667,0.80000001,0.76,0,0,3,1.34,0,3.6,1,1
"283",0,283,1,0,1,0,0,0,1,0.480000008,0.320000004,-0.160000004,0.2,1.2,0,0,3,0.4,0,4.8,0.333333333333333,1
"284",0,284,1,1,0,0,0,1,1,0.0666666666666667,0.426666677333333,0.360000010666667,0.2,1.54,0,0,4,1.1,1,3.7,1,1
"285",0,285,1,0,1,0,0,1,1,0.280000003333333,0.360000004666667,0.0800000013333333,0.40000001,1.42,0,0,5,1.92,1,4.1,1,1
"286",0,286,1,0,1,0,0,1,1,0.200000004,0.533333344,0.33333334,0.80000001,1.16,0,0,4,2,1,4,1,1
"287",0,287,1,1,0,0,0,0,1,0.34666667,0.680000007333333,0.333333337333333,0.60000002,1.4,0,0,2,1.9,0,3.9,0.833333333333333,1
"288",0,288,1,0,1,0,0,0,0,0.520000008666667,0.533333346,0.0133333373333334,0.80000001,0.54,0,0,3,1.84,0,4.8,0.166666666666667,1
"289",0,289,1,1,0,0,0,1,1,0.826666675333333,0.80000001,-0.0266666653333333,0.80000001,0.78,0,0,3,2,1,4,0.166666666666667,1
"290",0,290,1,1,0,0,0,0,1,0.400000004666667,0.546666680666667,0.146666676,0.80000001,0.44,1,0,1,1.8,0,4.9,0.666666666666667,1
"291",0,291,1,0,1,0,0,0,0,0.320000006,0.346666674,0.026666668,0.40000001,0.72,0,0,5,1.82,0,5.5,0.333333333333333,1
"292",0,292,1,0,1,0,0,0,1,0.306666670666667,0.453333340666667,0.14666667,0.40000001,0.72,0,0,2,1.64,0,5.1,0.5,1
"293",0,293,1,0,1,0,0,0,1,0.133333336666667,0.266666673333333,0.133333336666667,0.2,0.58,0,0,3,NA,0,4.3,0.666666666666667,1
"294",0,294,1,0,1,0,0,1,1,0.213333336666667,0.186666669333333,-0.0266666673333333,0,1.22,0,0,4,1.36,1,3.6,1,1
"295",0,295,1,1,0,0,0,0.463633865839777,1,0,0,0,0,1.14,0,0,3,2,0.463633865839777,2.7,0.666666666666667,1
"296",0,296,1,0,1,0,0,0,1,0.440000009333333,0.413333342666667,-0.0266666666666667,0,0.46,0,0,2,1.58,0,4.5,0.333333333333333,1
"297",0,297,1,0,1,0,0,1,0,0,0,0,0,0.64,0,0,5,0.1,1,2.9,0.5,1
"298",0,298,1,0,1,0,0,1,0,0.0266666673333333,0.0533333346666667,0.0266666673333333,0,1.2,0,0,3,1.36,1,5.1,0.333333333333333,1
"299",0,299,1,0,1,0,0,0,0,0.840000008,0.626666681333333,-0.213333326666667,1,0.38,0,1,2,1.2,0,5,1,1
"300",0,300,1,1,0,0,0,1,1,0.0400000013333333,0,-0.0400000013333333,0,1.46,1,0,4,2,1,3.6,0.333333333333333,1
"301",0,301,1,1,0,0,0,1,1,0.0666666673333333,0,-0.0666666673333333,0,0.86,1,0,3,1.9,1,2,0.833333333333333,1
"302",0,302,1,1,0,0,0,1,0,0,0,0,0,0.64,1,0,5,1.6,1,4.8,0.166666666666667,1
"303",0,303,1,1,0,0,0,1,1,0.400000004666667,0.400000006,1.33333333263153e-09,0.2,0.36,1,0,3,1.4,1,4.6,1,1
"304",0,304,1,1,0,0,0,0,0,0.82666667,0.760000008,-0.066666662,0.60000002,0.56,1,0,2,0.1,0,4.9,0.333333333333333,1
"305",0,305,1,1,0,0,0,0,1,0.200000002,0.920000002666667,0.720000000666667,0.2,1.1,1,0,1,1.82,0,3.7,0.333333333333333,1
"306",0,306,1,0,1,0,0,0,1,0.173333336666667,0.306666674,0.133333337333333,0.60000002,1.38,1,0,2,1.84,0,4.4,0.333333333333333,1
"307",0,307,1,1,0,0,0,0,1,0,0.493333347333333,0.493333347333333,0,1.08,1,0,3,2,0,2.2,0.666666666666667,1
"308",0,308,1,1,0,0,0,0,0,0.546666678666667,0.573333346666667,0.0266666680000001,0.60000002,0.52,0,0,2,1.7,0,4,1,1
"309",0,309,1,0,1,0,0,0,1,0.0133333333333333,0.0933333333333333,0.08,0,0.68,1,1,2,1.8,0,4.6,0.666666666666667,1
"310",0,310,1,0,1,0,0,1,1,0.306666674,0.640000008,0.333333334,0.60000002,1.24,0,0,4,1.4,1,4.7,0.666666666666667,1
"311",0,311,1,1,0,0,0,0,1,0,0,0,0,0.4,0,0,2,1.84,0,4.3,0.166666666666667,1
"312",0,312,1,0,1,0,0,0,1,0.200000002,0.133333336666667,-0.0666666653333333,0.2,0.42,0,0,2,0.24,0,3.5,1,1
"313",0,313,1,0,1,0,0,0,1,0.280000006,0.440000008666667,0.160000002666667,0,0.9,0,0,1,0.8,0,4.9,0.666666666666667,1
"314",0,314,1,0,1,0,0,0,1,0.066666668,0.706666674666667,0.640000006666667,0,0.68,0,0,2,1.6,0,6,1,1
"315",0,315,1,1,0,0,0,1,1,0,0,0,0,1.08,0,0,1,1.48,1,3.3,0.333333333333333,1
"316",0,316,1,1,0,0,0,1,1,0.453333334666667,0.506666671333333,0.0533333366666667,1,0.7,0,0,4,1.92,1,4,0.333333333333333,1
"317",0,317,1,0,1,0,0,0,1,0.613333347333333,0.573333344,-0.0400000033333333,0.40000001,0.72,0,0,2,1.02,0,3,0.333333333333333,1
"318",0,318,1,0,1,0,0,0,1,0.266666666666667,0.266666666666667,0,1,1.3,1,0,1,2,0,3.3,0.333333333333333,1
"319",0,319,1,0,1,0,0,1,1,0.560000014,0.600000014,0.04,0.40000001,0.94,0,0,3,NA,1,2.9,0.5,1
"320",0,320,1,1,0,0,0,1,1,0.30666667,0.373333342,0.066666672,0,1.02,0,0,4,1.64,1,3.8,0.166666666666667,1
"321",0,321,1,0,1,0,0,1,1,0.720000014,0.706666681333333,-0.0133333326666667,0.80000001,0.74,1,0,3,1.44,1,4.4,0.166666666666667,1
"322",0,322,1,1,0,0,0,0,0,0.0800000006666667,0.346666674,0.266666673333333,0,0.38,1,0,2,1.6,0,3.6,1,1
"323",0,323,1,1,0,0,0,0,0,0.240000002666667,0.226666671333333,-0.0133333313333333,0.2,0.56,1,0,3,1.22,0,5,0.333333333333333,1
"324",0,324,1,0,1,0,0,0,1,0.866666673333333,0.853333340666667,-0.0133333326666667,0.80000001,0.46,1,0,1,2,0,4.1,0.333333333333333,1
"325",0,325,1,1,0,0,0,0,0,0.746666679333333,0.693333347333333,-0.053333332,0.60000002,0.46,1,0,3,1.36,0,4.5,0.333333333333333,1
"326",0,326,1,0,1,0,0,1,1,0.626666681333333,0.573333348,-0.0533333333333333,0.60000002,0.48,1,0,3,1,1,5.3,0.5,1
"327",0,327,1,1,0,0,0,0,1,0.586666679333333,0.546666674666667,-0.0400000046666666,0.2,0.66,1,0,2,1.8,0,3.1,0.333333333333333,1
"328",0,328,1,1,0,0,0,1,1,0.853333339333333,0.666666676666667,-0.186666662666667,0.80000001,0.66,1,0,3,1.62,1,4.9,0.333333333333333,1
"329",0,329,1,0,1,0,0,1,1,0.786666676,0.64000001,-0.146666666,0.80000001,0.86,1,0,5,1.64,1,4.2,0.5,1
"330",0,330,1,0,1,0,0,0,1,0.733333344,0.733333342666667,-1.33333333263153e-09,0.60000002,0.72,1,0,1,1.68,0,4.1,0.5,1
"331",0,331,1,0,1,0,0,0,0,0.600000005333333,0.773333338,0.173333332666667,0.80000001,1.04,1,0,3,1.86,0,4.1,0.166666666666667,1
"332",0,332,1,1,0,0,0,1,1,0.0666666673333333,0.133333335333333,0.066666668,0,0.88,1,0,3,1.64,1,2.9,0.666666666666667,1
"333",0,333,1,0,1,0,0,1,1,0.626666679333333,0.520000008666667,-0.106666670666667,0.60000002,1.06,1,1,2,0.36,1,3.6,1,1
"334",0,334,1,1,0,0,0,0,1,0.320000008,0.600000013333333,0.280000005333333,0.60000002,0.42,1,1,2,0.6,0,4.6,0.5,1
"335",0,335,1,0,1,0,0,0,1,0.36000001,0.533333346,0.173333336,0,0.78,1,0,1,0.8,0,3.5,0.333333333333333,1
"336",0,336,1,0,1,0,0,0,1,0.266666671333333,0.506666674666667,0.240000003333333,0.40000001,0.48,1,0,2,1.24,0,3.7,0.666666666666667,1
"337",0,337,1,1,0,0,0,0,1,0.426666672,0.346666672,-0.08,0.80000001,0.76,1,1,5,2,0,3.6,0.166666666666667,1
"338",0,338,1,1,0,0,0,1,0,0.800000003333333,0.880000003333333,0.08,1,0.68,1,0,3,2,1,5.8,0.333333333333333,1
"339",0,339,1,0,1,0,0,0,1,0.0400000013333333,0.413333343333333,0.373333342,0.60000002,0.94,1,1,1,1.54,0,4,0.666666666666667,1
"340",0,340,1,0,1,0,0,1,1,0.466666671333333,0.506666673333333,0.040000002,0.80000001,0.92,1,0,1,0.76,1,4.1,0.5,1
"341",0,341,1,0,1,0,0,1,1,0.853333336666667,0.706666676,-0.146666660666667,0.40000001,1.12,1,0,4,1.62,1,2.7,0.666666666666667,1
"342",0,342,1,1,0,0,0,0,1,0,0,0,0,1.42,1,0,1,1.64,0,3,0.666666666666667,1
"343",0,343,1,1,0,0,0,0,1,0.160000003333333,0.146666668666667,-0.0133333346666667,0,0.44,0,0,3,1.34,0,4.8,1,1
"344",0,344,1,0,1,0,0,0,1,0.813333337333333,0.826666671333333,0.013333334,0.60000002,0.86,1,0,3,1.8,0,4,0.333333333333333,1
"345",0,345,1,0,1,0,0,0,1,0.880000006,0.853333340666667,-0.0266666653333333,0.80000001,0.98,1,0,2,1.98,0,4.5,0.333333333333333,1
"346",0,346,1,1,0,0,0,0,1,0.280000004666667,0.360000006666667,0.080000002,0,0.72,0,0,3,2,0,6.4,0.166666666666667,1
"347",0,347,1,0,1,0,0,0,1,0.733333336666667,0.920000004,0.186666667333333,1,0.98,1,0,3,2,0,6.3,0.5,1
"348",0,348,1,0,1,0,0,0,1,0.720000010666667,0.680000013333333,-0.0399999973333334,0.80000001,0.64,0,0,2,1.58,0,4.9,0.666666666666667,1
"349",0,349,1,0,1,0,0,0,1,0.853333337333333,0.786666668,-0.0666666693333333,0.80000001,0.72,1,0,3,2,0,6.7,0.166666666666667,1
"350",0,350,1,0,1,0,0,0,1,0.840000003333333,0.893333338666667,0.0533333353333333,0.40000001,0.74,1,1,1,2,0,5.9,0.666666666666667,1
"351",0,351,1,1,0,0,0,0,0,0.893333338666667,0.893333337333333,-1.33333333263153e-09,1,0.76,1,0,3,1.46,0,4.7,0.333333333333333,1
"352",0,352,1,0,1,0,0,1,0,0.520000011333333,0.33333334,-0.186666671333333,0,0.54,1,0,4,0.9,1,3.6,0.5,1
"353",0,353,1,0,1,0,0,0,1,0.626666676,0.693333344666667,0.0666666686666666,0.2,0.68,0,1,2,2,0,5.4,0.333333333333333,1
"354",0,354,1,1,0,0,0,0,1,0.300000005,0.306666670666667,0.00666666566666668,0.60000002,0.72,0,0,3,0.2,0,4.6,0.333333333333333,1
"355",0,355,1,1,0,0,0,0,1,0.533333333333333,0.533333333333333,0,1,0.78,1,0,3,0.5,0,3.4,0.166666666666667,1
"356",0,356,1,1,0,0,0,0,1,0.440000005333333,0.693333345333333,0.25333334,0.80000001,0.66,0,0,4,1.22,0,5.4,0.5,1
"357",0,357,1,1,0,0,0,1,1,0.653333339333333,0.613333342,-0.0399999973333334,0,0.92,0,0,5,0.98,1,4.2,0.5,1
"358",0,358,1,0,1,0,0,1,1,0.746666679333333,0.760000012,0.0133333326666667,0.60000002,0.56,1,0,2,1.54,1,5.2,0.166666666666667,1
"359",0,359,1,1,0,0,0,1,1,0,0,0,0,0.48,1,1,3,1.4,1,6.4,0.333333333333333,1
"360",0,360,1,0,1,0,0,0,1,0.413333342,0.240000003333333,-0.173333338666667,0.60000002,0.8,1,0,2,0.54,0,2.6,0.833333333333333,1
"361",0,361,1,1,0,0,0,1,0,0.493333345333333,0.466666676666667,-0.0266666686666667,0.2,1.12,1,0,3,1.42,1,4.4,0.333333333333333,1
"362",0,362,1,1,0,0,0,1,1,0.0933333353333333,0.08,-0.0133333353333333,0,0.54,1,0,5,1.4,1,4.9,0.333333333333333,1
"363",0,363,1,1,0,0,0,0,1,0.346666672,0.746666674,0.400000002,0.2,1.36,1,0,3,1.6,0,4,0.166666666666667,1
"364",0,364,1,0,1,0,0,1,0,0.880000006,0.853333338,-0.0266666679999999,0.80000001,0.84,1,0,3,1.06,1,4.2,0.333333333333333,1
"365",0,365,1,1,0,0,0,1,1,0.533333340666667,0.413333340666667,-0.12,0.40000001,0.68,1,0,4,1.56,1,3,0.166666666666667,1
"366",0,366,1,0,1,0,0,0,1,0.600000002666667,0.453333339333333,-0.146666663333333,1,0.7,1,0,3,1.86,0,2.6,0.333333333333333,1
"367",0,367,1,1,0,0,0,1,1,0,0.480000012666667,0.480000012666667,0,1.16,1,0,4,1.44,1,2.7,0.5,1
"368",0,368,1,1,0,0,0,0,1,0.266666674666667,0.533333345333333,0.266666670666667,0.60000002,0.62,1,0,2,1.7,0,3.9,0.333333333333333,1
"369",0,369,1,0,1,0,0,0,1,0.440000008,0.333333341333333,-0.106666666666667,0.2,1.2,1,0,2,1.84,0,3.7,0.5,1
"370",0,370,1,0,1,0,0,0,0,0.800000008666667,0.80000001,1.33333333263153e-09,0.80000001,0.46,1,0,1,1.82,0,5.4,0.333333333333333,1
"371",0,371,1,0,1,0,0,1,0,0.160000002666667,0.213333336666667,0.053333334,0,1.36,0,0,3,0.6,1,1.3,0.5,1
"372",0,372,1,0,1,0,0,1,1,0.520000003333333,0.586666676666667,0.0666666733333333,0.2,1.2,1,0,4,1.98,1,7,0.333333333333333,1
"373",0,373,1,0,1,0,0,1,0,0.106666666666667,0.0533333333333333,-0.0533333333333333,0.2,0.9,1,0,3,0.6,1,4.2,0.333333333333333,1
"374",0,374,1,0,1,0,0,1,1,0.213333338,0.426666675333333,0.213333337333333,0,1.44,1,0,4,NA,1,3.66666666666667,0.666666666666667,1
"375",0,375,1,1,0,0,0,0,1,0.0666666686666667,0.466666674,0.400000005333333,0.60000002,1.2,1,0,1,1.6,0,4.5,0.5,1
"376",0,376,1,1,0,0,0,1,1,0.0133333333333333,0,-0.0133333333333333,0,1.3,1,0,4,1.7,1,3.4,0.666666666666667,1
"377",0,377,1,0,1,0,0,0,1,0.426666675333333,0.413333340666667,-0.0133333346666666,0.40000001,0.44,1,0,2,1.12,0,3.9,0.5,1
"378",0,378,1,0,1,0,0,0,1,0.413333341333333,0.346666672,-0.0666666693333333,0.40000001,0.82,1,1,3,1,0,4.3,0.5,1
"379",0,379,1,1,0,0,0,1,1,0.200000002666667,0.373333344,0.173333341333333,0.2,0.92,1,0,1,1.48,1,7,0.333333333333333,1
"380",0,380,1,1,0,0,0,0.463633865839777,1,0.813333341333333,0.72000001,-0.0933333313333333,0.80000001,0.84,0,0,3,1.18,0.463633865839777,5.3,0.5,1
"381",0,381,1,1,0,0,0,0,0,0.626666676666667,0.386666675333333,-0.240000001333333,0.40000001,0.4,0,1,3,0.76,0,3.9,0.5,1
"382",0,382,1,0,1,0,0,0,0,0.800000008666667,0.80000001,1.33333333263153e-09,0.80000001,0.6,1,0,3,2,0,5.7,0.166666666666667,1
"383",0,383,1,0,1,0,0,1,1,0.386666675333333,0.226666672,-0.160000003333333,0.60000002,1.3,1,0,4,1.3,1,3.6,0.666666666666667,1
"384",0,384,1,0,1,0,0,0,1,0.0666666673333333,0,-0.0666666673333333,0,1.52,1,0,4,2,0,4.2,0.833333333333333,1
"385",0,385,1,0,1,0,0,0,1,0,0,0,0,1.02,1,0,2,0.38,0,3.5,0.833333333333333,1
"386",0,386,1,1,0,0,0,0,0,0.173333336666667,0.04,-0.133333336666667,0,1.22,1,0,3,0.08,0,2.5,0.333333333333333,1
"387",0,387,1,1,0,0,0,1,1,0,0,0,0,1.4,1,0,4,1.7,1,2.5,0.833333333333333,1
"388",0,388,1,1,0,0,0,0,1,0.0133333333333333,0.0533333333333333,0.04,0,1.12,1,0,1,1.5,0,3.9,0.333333333333333,1
"389",0,389,1,1,0,0,0,1,1,0.160000003333333,0.240000006,0.0800000026666667,0,1.32,1,0,4,0.6,1,3.9,0.5,1
"390",0,390,1,0,1,0,0,1,1,0.30666667,0.146666667333333,-0.160000002666667,0,1.08,1,0,5,0.02,1,5.5,0.333333333333333,1
"391",0,391,1,1,0,0,0,0,1,0.200000005333333,0.720000008,0.520000002666667,0.40000001,1.28,1,0,2,1.9,0,5.8,0.166666666666667,1
"392",0,392,1,1,0,0,0,0,1,0.426666674,0.60000001,0.173333336,0.40000001,1.42,1,0,2,1.42,0,5.1,0.333333333333333,1
"393",0,393,1,1,0,0,0,1,1,0.706666676,0.666666680666667,-0.0399999953333333,1,0.4,0,0,3,1.36,1,5,0.333333333333333,1
"394",0,394,1,0,1,0,0,0,1,0.186666669333333,0.773333344666667,0.586666675333333,0.40000001,0.98,0,1,2,1.28,0,5.4,0.666666666666667,1
"395",0,395,1,1,0,0,0,1,1,0.213333334,0.213333334,0,0.2,0.86,1,0,3,1.44,1,5,0.166666666666667,1
"396",0,396,1,0,1,0,0,1,1,0.0133333333333333,0.0133333333333333,0,0,0.8,0,0,4,0.38,1,3.5,0.5,1
"397",0,397,1,1,0,0,0,1,1,0.57333334,0.560000006,-0.013333334,0,0.82,0,0,3,0.14,1,4,0.5,1
"398",0,398,1,0,1,0,0,1,1,0.400000006,0.386666673333333,-0.0133333326666667,0,1.24,0,0,5,1.18,1,3.1,1,1
"399",0,399,1,1,0,0,0,0,1,0.0933333346666667,0.546666674,0.453333339333333,0,1.38,0,0,1,2,0,4.1,1,1
"400",0,400,1,1,0,0,0,1,1,0.640000008666667,0.360000009333333,-0.279999999333333,0.2,1.06,0,0,4,1.8,1,4.2,0.5,1
"401",0,401,1,0,1,0,0,1,1,0.213333337333333,0.373333342666667,0.160000005333333,0.2,1.68,0,0,5,1.4,1,5.5,0.333333333333333,1
"402",0,402,1,1,0,0,0,0,1,0.653333344666667,0.640000008,-0.0133333366666667,0.80000001,0.74,0,0,1,1.64,0,6.1,0.5,1
"403",0,403,1,0,1,0,0,0,1,0.0666666686666667,0.693333338666667,0.62666667,0,1.04,0,0,1,1.9,0,5.9,1,1
"404",0,404,1,1,0,0,0,0,1,0,0,0,0,0.74,1,0,1,1.8,0,1.9,0.666666666666667,1
"405",0,405,1,0,1,0,0,1,1,0.386666675333333,0.386666676,6.66666666315763e-10,0.2,0.6,0,0,5,2,1,6,0.833333333333333,1
"406",0,406,1,1,0,0,0,0,1,0.466666678666667,0.60000001,0.133333331333333,0.2,0.58,0,1,3,NA,0,3.6,0.5,1
"407",0,407,1,1,0,0,0,0,1,0.053333334,0.386666674,0.33333334,0.2,0.84,0,0,1,1.08,0,3.9,1,1
"408",0,408,1,1,0,0,0,1,1,0.200000003333333,0.533333341333333,0.333333338,0,0.36,1,1,3,1.96,1,6.5,0.833333333333333,1
"409",0,409,1,0,1,0,0,0,1,0.120000002666667,0.120000004,1.33333331875374e-09,0,0.76,0,1,3,0.3,0,3,0.666666666666667,1
"410",0,410,1,0,1,0,0,0,1,0.053333334,0.0533333346666667,6.66666666315763e-10,0,0.6,0,0,1,1.58,0,3.5,0.166666666666667,1
"411",0,411,1,0,1,0,0,1,1,0.280000007333333,0.120000001333333,-0.160000006,0,1.18,0,0,3,0.16,1,5,0.5,1
"412",0,412,1,0,1,0,0,0,0,0.48000001,0.680000010666667,0.200000000666667,0.40000001,0.68,0,0,3,1.46,0,5.3,0.666666666666667,1
"413",0,413,1,0,1,0,0,0,0,0.0133333333333333,0.0133333333333333,0,0,0.6,0,0,2,1.2,0,3.2,0.666666666666667,1
"414",0,414,1,1,0,0,0,0,1,0.786666673333333,0.613333346,-0.173333327333333,0.80000001,0.38,0,1,2,1.74,0,4.8,0.5,1
"415",0,415,1,0,1,0,0,0,0,0.40000001,0.40000001,0,0.40000001,0.46,1,0,3,1.02,0,4,0.333333333333333,1
"416",0,416,1,1,0,0,0,0,1,0.21333334,0.546666676,0.333333336,0,0.68,0,0,1,1.6,0,6.7,0.166666666666667,1
"417",0,417,1,0,1,0,0,1,1,0.253333337333333,0.506666675333333,0.253333338,0.2,0.96,0,0,3,1.64,1,4.5,0.333333333333333,1
"418",0,418,1,1,0,0,0,1,1,0.813333342666667,0.80000001,-0.0133333326666667,0.80000001,0.8,0,1,3,1.18,1,4.8,0.166666666666667,1
"419",0,419,1,1,0,0,0,0,1,0.773333344666667,0.813333342666667,0.039999998,0.80000001,0.62,0,0,3,2,0,4.8,0.833333333333333,1
"420",0,420,1,1,0,0,0,1,1,0.920000004,0.946666669333333,0.0266666653333333,0.80000001,0.62,0,0,5,1.96,1,6,0.166666666666667,1
"421",0,421,1,0,1,0,0,1,1,0.893333338666667,0.880000006,-0.0133333326666667,0.80000001,0.54,0,0,4,2,1,5.9,0.833333333333333,1
"422",0,422,1,0,1,0,0,1,0,0.493333339333333,0.746666675333333,0.253333336,0.60000002,1.16,0,0,4,1.8,1,5.1,0.5,1
"423",0,423,1,0,1,0,0,0,1,0.386666674,0.560000006666667,0.173333332666667,1,0.84,0,0,2,1.8,0,4.2,0.333333333333333,1
"424",0,424,1,1,0,0,0,0,1,0.906666668,0.946666668,0.04,1,1.04,0,1,2,2,0,6.7,0.333333333333333,1
"425",0,425,1,0,1,0,0,1,1,0.08,0.2,0.12,0,0.36,1,0,5,NA,1,3.9,0.5,1
"426",0,426,1,1,0,0,0,0,1,0.440000007333333,0.346666672666667,-0.0933333346666667,0.80000001,0.5,0,0,3,1.8,0,3.6,0.333333333333333,1
"427",0,427,1,1,0,0,0,1,1,0.400000006,0.293333337333333,-0.106666668666667,0.60000002,0.78,0,0,3,0.3,1,3.3,0.833333333333333,1
"428",0,428,1,1,0,0,0,1,0,0.58666668,0.773333344666667,0.186666664666667,0.60000002,0.9,0,0,2,2,1,6.6,0.333333333333333,1
"429",0,429,1,1,0,0,0,1,0,0.973333334666667,1,0.0266666653333333,1,0.84,0,0,1,2,1,6.4,0.666666666666667,1
"430",0,430,1,0,1,0,0,1,1,0.466666673333333,0.626666677333333,0.160000004,0.2,1.36,0,0,4,1.06,1,5.2,0.833333333333333,1
"431",0,431,1,1,0,0,0,1,1,0,0,0,0,1.5,0,0,4,0.6,1,4.3,0.5,1
"432",0,432,1,1,0,0,0,1,0,0.866666673333333,0.853333340666667,-0.0133333326666667,0.80000001,0.5,0,0,5,1.7,1,6.4,0.333333333333333,1
"433",0,433,1,0,1,0,0,0,1,0.120000002666667,0.42666668,0.306666677333333,0.2,0.52,0,0,2,1.3,0,4.6,0.333333333333333,1
"434",0,434,1,0,1,0,0,1,0,0,0,0,0,0.7,0,0,3,0,1,1.9,0.333333333333333,1
"435",0,435,1,0,1,0,0,1,1,0.786666669333333,0.800000003333333,0.013333334,1,0.46,0,0,5,1.96,1,6.5,0.333333333333333,1
"436",0,436,1,1,0,0,0,1,1,0.68000001,0.866666673333333,0.186666663333333,0.60000002,0.76,0,0,3,2,1,6.2,0.833333333333333,1
"437",0,437,1,0,1,0,0,0,1,0.213333336,0.480000011333333,0.266666675333333,0.2,1.04,0,0,2,1.62,0,3.6,0.5,1
"438",0,438,1,1,0,0,0,0,0,0.920000000666667,0.733333338666667,-0.186666662,1,0.62,0,0,3,2,0,3.8,0.5,1
"439",0,439,1,0,1,0,0,0,1,0.746666676666667,0.520000006,-0.226666670666667,0.60000002,0.64,0,0,1,0.24,0,3.1,0.666666666666667,1
"440",0,440,1,1,0,0,0,1,1,0.453333338666667,0.413333343333333,-0.0399999953333333,0.40000001,0.96,0,0,3,1.48,1,2.6,0.5,1
"441",0,441,1,0,1,0,0,1,1,0.746666675333333,0.706666672,-0.0400000033333333,0.60000002,1.22,0,0,4,1.2,1,5.6,0.666666666666667,1
"442",0,442,1,0,1,0,0,1,1,0.493333338,0.613333338666667,0.120000000666667,1,1,0,1,4,0.22,1,1.4,0.666666666666667,1
"443",0,443,1,0,1,0,0,0,1,0.880000006,0.853333340666667,-0.0266666653333333,1,0.74,1,0,3,1.56,0,3.9,0,1
"444",0,444,1,1,0,0,0,1,0,0.973333334666667,0.960000002,-0.0133333326666667,0.80000001,0.78,0,0,5,1.96,1,6,0.166666666666667,1
"445",0,445,1,0,1,0,0,0,1,0.80000001,0.80000001,0,0.80000001,0.74,0,0,2,1.58,0,4.8,0.333333333333333,1
"446",0,446,1,0,1,0,0,1,0,0.586666674666667,0.400000006666667,-0.186666668,0.80000001,0.62,0,1,3,0.6,1,2.7,0.166666666666667,1
"447",0,447,1,1,0,0,0,1,0,0.533333341333333,0.600000008,0.0666666666666667,0.40000001,1.22,0,0,2,1.4,1,6.4,0.166666666666667,1
"448",0,448,1,1,0,0,0,0,0,0.0266666666666667,0,-0.0266666666666667,0,1.08,1,0,3,1.38,0,3.5,0.166666666666667,1
"449",0,449,1,1,0,0,0,0,1,0.426666672,0.360000006,-0.066666666,0.2,0.9,1,0,3,1.88,0,6.4,0,1
"450",0,450,1,0,1,0,0,1,0,0.413333344,0.306666675333333,-0.106666668666667,0.40000001,0.9,1,0,3,NA,1,4.6,0.166666666666667,1
"451",0,451,1,1,0,0,0,0,1,0.613333346,0.640000010666667,0.0266666646666667,0.80000001,0.5,1,0,5,1.9,0,4.9,0,1
"452",0,452,1,0,1,0,0,1,0,0,0.0400000013333333,0.0400000013333333,0,0.66,1,1,1,NA,1,5.6,0,1
"453",0,453,1,0,1,0,0,0,1,0.880000003333333,0.800000008666667,-0.0799999946666666,1,0.54,1,0,3,2,0,5.6,0.166666666666667,1
"454",0,454,1,0,1,0,0,1,0,0.746666674,0.760000008,0.013333334,0.40000001,0.8,1,0,1,2,1,4.7,0,1
"455",0,455,1,1,0,0,0,1,0,0.400000010666667,0.520000013333333,0.120000002666667,0.40000001,0.74,1,0,3,1.04,1,4,0.166666666666667,1
"456",0,456,1,1,0,0,0,0,0,0.920000004,0.906666668,-0.0133333360000001,1,0.84,1,0,5,2,0,6.7,0,1
"457",0,457,1,0,1,0,0,1,0,0.680000002,0.920000001333333,0.239999999333333,1,0.9,1,0,3,2,1,5.1,0.166666666666667,1
"458",0,458,1,0,1,0,0,0,0,0.546666679333333,0.600000012,0.0533333326666666,0.60000002,0.78,1,0,4,NA,0,5,0,1
"459",0,459,1,0,1,0,0,0,1,0.893333338666667,0.773333344666667,-0.119999994,1,0.94,1,0,3,1.76,0,4,0.166666666666667,1
"460",0,460,1,0,1,0,0,0.463633865839777,1,0.440000012,0.360000008,-0.080000004,0.60000002,0.82,0,0,3,0.46,0.463633865839777,4,0,1
"461",0,461,1,1,0,0,0,0,1,0.626666678,0.653333345333333,0.0266666673333333,0.60000002,1.28,1,0,2,1.4,0,5.6,0.166666666666667,1
"462",0,462,1,0,1,0,0,0,0,0,0,0,0,0.86,0,0,2,2,0,1.6,0,1
"463",0,463,1,0,1,0,0,0,1,0.986666667333333,0.985714286428571,-0.000952380904761907,0.80000001,0.78,0,0,1,2,0,5.8,0,1
"464",0,464,1,1,0,0,0,1,1,0.25333334,0.33333334,0.08,0.40000001,1.06,1,0,5,1.4,1,2.4,0.166666666666667,1
"465",0,465,1,0,1,0,0,1,0,0.0400000006666667,0.0533333333333333,0.0133333326666667,0,1.44,0,0,5,1.02,1,3.7,0.166666666666667,1
"466",0,466,1,0,1,0,0,1,0,0.613333336,0.373333338666667,-0.239999997333333,0.2,0.74,0,0,3,2,1,4.2,0,1
"467",0,467,1,1,0,0,0,0,0,0.72000001,0.506666676666667,-0.213333333333333,0.60000002,0.58,0,0,3,NA,0,4.3,0.166666666666667,1
"468",0,468,1,0,1,0,0,1,0,0.960000002,0.986666667333333,0.0266666653333333,1,0.8,0,0,2,2,1,5.7,0,1
"469",0,469,1,0,1,0,0,0,0,0.426666677333333,0.466666678,0.0400000006666666,0.2,0.48,0,0,3,1.04,0,4,0,1
"470",0,470,1,1,0,0,0,1,0,0.826666674,0.826666675333333,1.33333333263153e-09,0.60000002,0.88,0,0,4,1.5,1,5.55555555555556,0.333333333333333,1
"471",0,471,1,0,1,0,0,0,0,0.920000004,0.920000004,0,1,1,0,0,3,1.8,0,5.2,0,1
"472",0,472,1,0,1,0,0,0,0,0.440000008,0.693333348666667,0.253333340666667,0.80000001,1.28,0,0,3,NA,0,4,0,1
"473",0,473,1,0,1,0,0,1,1,0.293333338666667,0.426666670666667,0.133333332,0,0.96,1,0,4,0.42,1,3.1,0.166666666666667,1
"474",0,474,1,0,1,0,0,0,0,0.60000002,0.60000002,0,0.60000002,1.12,0,0,1,1.62,0,4,0.333333333333333,1
"475",0,475,1,0,1,0,0,1,0,0.56000001,0.466666673333333,-0.0933333366666667,0.40000001,0.64,0,0,3,0.5,1,5.3,0.166666666666667,1
"476",0,476,1,0,1,0,0,0,0,0.720000000666667,0.506666668,-0.213333332666667,1,0.88,0,0,2,2,0,5.8,0.333333333333333,1
"477",0,477,1,1,0,0,0,1,0,0.786666674,0.720000006,-0.066666668,1,0.42,0,0,4,2,1,6.1,0.166666666666667,1
"478",0,478,1,1,0,0,0,1,0,0.946666669333333,0.973333334666667,0.0266666653333334,1,0.4,0,0,3,1.7,1,4.6,0,1
"479",0,479,1,1,0,0,0,0,0,0.893333335333333,0.871428577857143,-0.0219047574761905,1,0.88,0,0,3,1.62,0,5.3,0,1
"480",0,480,1,0,1,0,0,1,0,0.626666677333333,0.440000009333333,-0.186666668,0.40000001,0.98,0,0,4,1.22,1,6.1,0.166666666666667,1
"481",0,481,1,1,0,0,0,1,0,0.640000004,0.933333336666667,0.293333332666667,1,0.62,1,0,4,1.64,1,5.9,0,1
"482",0,482,1,1,0,0,0,0,0,0.893333338666667,0.906666671333333,0.0133333326666667,1,0.84,1,0,3,1.14,0,4.5,0,1
"483",0,483,1,0,1,0,0,0,1,0.866666673333333,0.826666675333333,-0.0399999980000001,1,0.86,1,0,3,1.64,0,4.9,0,1
"484",0,484,1,0,1,0,0,0,0,1,1,0,1,0.46,0,0,1,1.72,0,3.7,0,1
"485",0,485,1,0,1,0,0,0,1,0.186666670666667,0.0400000013333333,-0.146666669333333,0,0.68,1,0,3,1.02,0,4.8,0,1
"486",0,486,1,0,1,0,0,0,0,0.666666666666667,0.586666666666667,-0.08,0,1.1,1,0,1,1.48,0,6.4,0,1
"487",0,487,1,1,0,0,0,0,1,0.986666667333333,0.906666671333333,-0.079999996,1,0.7,1,0,3,1.78,0,6.4,0.166666666666667,1
"488",0,488,1,1,0,0,0,1,0,0.933333336666667,0.946666669333333,0.0133333326666667,0.60000002,0.8,0,0,3,2,1,6.8,0,1
"489",0,489,1,1,0,0,0,1,0,0.120000002,0.480000009333333,0.360000007333333,0.2,1.38,1,0,5,0.14,1,5.7,0,1
"490",0,490,1,1,0,0,0,0,0,0.346666674,0.426666678,0.080000004,0.2,0.7,0,0,1,1.58,0,2.6,0,1
"491",0,491,1,0,1,0,0,0,0,0.853333339333333,0.946666669333333,0.09333333,1,0.78,1,0,3,2,0,6.1,0,1
"492",0,492,1,0,1,0,0,0,0,1,1,0,1,0.98,0,0,5,2,0,6.4,0.166666666666667,1
"493",0,493,1,1,0,0,0,1,0,0.973333334666667,1,0.0266666653333333,1,0.76,0,0,1,2,1,6.3,0,1
"494",0,494,1,1,0,0,0,0,0,0.880000006,0.906666671333333,0.0266666653333334,0.80000001,0.92,1,0,1,2,0,6.3,0,1
"495",0,495,1,1,0,0,0,1,0,0.826666668666667,0.946666669333333,0.120000000666667,1,0.82,0,0,5,1.84,1,5.7,0.333333333333333,1
"496",0,496,1,0,1,0,0,0,0,0.773333344666667,0.80000001,0.0266666653333333,0.80000001,0.82,0,1,4,1.42,0,5.4,0.166666666666667,1
"497",0,497,1,1,0,0,0,1,0,0.960000002,0.906666671333333,-0.0533333306666667,1,0.9,0,0,3,1.94,1,6.3,0.5,1
"498",0,498,1,0,1,0,0,0,0,0.866666666666667,0.840000001333333,-0.0266666653333334,1,0.88,0,0,3,1.44,0,5.4,0,1
"499",0,499,1,1,0,0,0,1,0,0.760000004666667,0.893333336,0.133333331333333,1,0.8,0,0,5,2,1,6.7,0,1
"500",0,500,1,1,0,0,0,1,0,0.946666666666667,1,0.0533333333333333,1,0.74,0,0,1,2,1,6.4,0,1
"501",0,501,1,0,1,0,0,0,0,1,1,0,1,0.8,0,0,3,2,0,6.4,0.166666666666667,1
"502",0,502,1,0,1,0,0,0,0,0.906666671333333,0.946666668,0.0399999966666666,1,1.14,0,0,3,1.82,0,5.5,0,1
"503",0,503,1,1,0,0,0,0,0,0.586666676666667,0.520000013333333,-0.0666666633333333,1,0.44,0,0,3,2,0,5.5,0,1
"504",0,504,1,1,0,0,0,0,1,0.800000008666667,0.760000008,-0.0400000006666666,0.80000001,0.74,0,0,3,1.8,0,5.5,0,1
"505",0,505,1,0,1,0,0,0,0,0.813333341333333,0.786666674666667,-0.0266666666666667,0.60000002,0.78,0,0,3,0.78,0,6.4,0,1
"506",0,506,1,0,1,0,0,1,0,0.333333335333333,0.226666670666667,-0.106666664666667,0.2,0.72,0,0,1,1.86,1,5.4,0.166666666666667,1
"507",0,507,1,0,1,0,0,1,1,0.642857155,0.680000013333333,0.0371428583333333,0.60000002,1.52,1,0,4,1.7,1,5,0,1
"508",0,508,1,1,0,0,0,1,1,0.386666670666667,0.720000002666667,0.333333332,0,1.34,0,0,4,2,1,6.3,0,1
"509",0,509,1,1,0,0,0,0,1,0.533333345333333,0.640000012,0.106666666666667,0.40000001,0.64,0,0,2,0.2,0,5.7,0,1
"510",0,510,1,0,1,0,0,0,0,0,0,0,0,1.44,0,0,3,0.9,0,3.8,0.166666666666667,1
"511",0,511,1,1,0,0,0,1,1,0.933333335333333,1,0.0666666646666667,1,0.72,0,0,5,2,1,5.7,0.166666666666667,1
"512",0,512,1,0,1,0,0,1,1,0.226666669333333,0.0666666666666667,-0.160000002666667,0,0.86,0,0,1,0,1,4.1,0.5,1
"513",0,513,1,0,1,0,0,0,1,0.52000001,0.333333337333333,-0.186666672666667,0.80000001,0.6,0,0,1,1.24,0,3.9,0.166666666666667,1
"514",0,514,1,1,0,0,0,0,1,0.640000008666667,0.653333339333333,0.0133333306666668,0.40000001,1.14,1,0,5,2,0,5,0.5,1
"515",0,515,1,0,1,0,0,1,1,0,0.0933333346666667,0.0933333346666667,0,1.3,1,0,4,0.42,1,1.6,0.166666666666667,1
"516",0,516,1,1,0,0,0,1,1,0.80000001,0.840000008,0.039999998,0.80000001,0.96,1,0,2,1.62,1,5.7,0.333333333333333,1
"517",0,517,1,0,1,0,0,1,0,0.146666669333333,0.133333336,-0.0133333333333333,0,1.54,1,0,3,NA,1,4,0.5,1
"518",0,518,1,0,1,0,0,0,1,0.280000006,0.293333341333333,0.0133333353333333,0,1.36,1,0,2,1.4,0,3.3,0,1
"519",0,519,1,0,1,0,0,1,1,0.186666668666667,0.226666672666667,0.040000004,0,0.88,0,0,4,1.6,1,3.9,0.166666666666667,1
"520",0,520,1,1,0,0,0,0,1,0.742857145,0.814285716428571,0.0714285714285714,0,1.48,1,0,2,2,0,6.8,0.166666666666667,1
"521",0,521,1,1,0,0,0,1,1,0.786666667333333,0.786666670666667,3.33333327606766e-09,0,0.98,1,0,3,2,1,6.7,0,1
"522",0,522,1,1,0,0,0,0,1,0.840000005333333,0.733333344,-0.106666661333333,0.40000001,0.5,1,0,3,0.72,0,5,0,1
"523",0,523,1,1,0,0,0,1,1,0.800000006,0.86666667,0.066666664,1,1.3,0,0,3,1.8,1,5.3,0.5,1
"524",0,524,1,1,0,0,0,1,1,0.280000006666667,0.320000008666667,0.040000002,0,0.7,1,0,5,0.54,1,3.8,0.166666666666667,1
"525",0,525,1,1,0,0,0,0,1,0.720000004666667,0.813333342666667,0.093333338,1,0.5,1,0,2,2,0,7,0.166666666666667,1
"526",0,526,1,0,1,0,0,0,1,0.90666667,0.90666667,0,0.80000001,0.5,1,1,2,2,0,6.4,0,1
"527",0,527,1,0,1,0,0,1,0,0.800000008666667,0.853333340666667,0.053333332,0.80000001,0.58,1,0,3,2,1,4.8,0,1
"528",0,528,1,1,0,0,0,1,1,0.280000004666667,0.373333342666667,0.093333338,0.40000001,0.64,1,1,3,0.58,1,4.8,0,1
"529",0,529,1,0,1,0,0,1,1,0.626666682666667,0.533333344666667,-0.0933333380000001,0.60000002,0.92,1,0,3,1.08,1,3.8,0.166666666666667,1
"530",0,530,1,0,1,0,0,0,1,0,0.053333334,0.053333334,0,1.72,0,0,3,2,0,5.4,0.666666666666667,1
"531",0,531,1,1,0,0,0,0,1,0.546666672,0.813333341333333,0.266666669333333,0,0.54,1,0,3,2,0,4.1,0,1
"532",0,532,1,1,0,0,0,0,1,0.613333352666667,0.626666685333333,0.0133333326666666,0.60000002,0.64,1,0,3,1.62,0,4.7,0,1
"533",0,533,1,0,1,0,0,0,1,0.733333339333333,0.82666667,0.0933333306666667,0.80000001,0.46,1,0,5,2,0,6.1,0,1
"534",0,534,1,1,0,0,0,1,0,0.053333334,0.173333334666667,0.120000000666667,0,1.02,1,0,5,0.74,1,4.4,0,1
"535",0,535,1,0,1,0,0,0,0,0.813333342666667,0.813333339333333,-3.33333338708997e-09,0.80000001,1.2,1,0,1,0.2,0,4.3,0,1
"536",0,536,1,1,0,0,0,0,1,0.920000004,0.746666672666667,-0.173333331333333,1,0.6,1,0,3,1.78,0,4.4,0,1
"537",0,537,1,1,0,0,0,0,0,0.613333343333333,0.653333348,0.0400000046666666,0.80000001,0.54,1,0,3,2,0,3.7,0.166666666666667,1
"538",0,538,1,0,1,0,0,0,0,0.613333341333333,0.786666674666667,0.173333333333333,0,0.64,1,0,4,1.7,0,5.4,0.166666666666667,1
"539",0,539,1,0,1,0,0,0,0,0.706666678666667,0.773333340666667,0.066666662,0.80000001,1.3,0,0,1,1.6,0,5.6,0.166666666666667,1
"540",0,540,1,1,0,0,0,1,0,0.293333336666667,0.373333338,0.0800000013333333,0.2,1.32,1,0,4,0.64,1,2.9,0.166666666666667,1
"541",0,541,1,0,1,0,0,1,1,0.0133333333333333,0,-0.0133333333333333,0,0.52,0,0,3,0.14,1,4,0.166666666666667,1
"542",0,542,1,1,0,0,0,0,1,0.893333338666667,0.826666672666667,-0.0666666659999999,1,0.5,1,1,1,1.7,0,5.9,0,1
"543",0,543,1,1,0,0,0,1,1,0.440000009333333,0.46666668,0.0266666706666667,0.40000001,0.56,1,0,5,0.56,1,3.6,0.166666666666667,1
"544",0,544,1,1,0,0,0,0,1,0.280000004,0.093333334,-0.18666667,0,1.12,1,0,3,1.4,0,3.2,0.166666666666667,1
"545",0,545,1,1,0,0,0,0,1,0.493333346,0.453333346666667,-0.0399999993333334,0.40000001,1.06,1,0,3,1.52,0,5.5,0,1
"546",0,546,1,1,0,0,0,0,0,0.813333338666667,0.853333340666667,0.040000002,0.80000001,1.02,0,0,2,1.78,0,7,0.166666666666667,1
"547",0,547,1,1,0,0,0,0,0,0.613333338666667,0.493333345333333,-0.119999993333333,0,0.88,1,0,3,0.4,0,3.4,0,1
"548",0,548,1,0,1,0,0,0,0,0.346666674,0.386666676,0.040000002,0.2,0.74,1,0,3,1.56,0,4.2,0.166666666666667,1
"549",0,549,1,0,1,0,0,0,1,0.70666667,0.786666668,0.079999998,1,1.48,1,0,5,2,0,4.9,0,1
"550",0,550,1,0,1,0,0,0,1,0.29333334,0.226666670666667,-0.0666666693333333,0.60000002,0.64,0,0,3,0.8,0,3.5,0.166666666666667,1
"551",0,551,1,1,0,0,0,1,1,0.453333336666667,0.640000006,0.186666669333333,0.40000001,1.22,1,0,5,0.84,1,2.3,0.166666666666667,1
"552",0,552,1,0,1,0,0,0,1,0.960000002,0.960000002,0,1,1.12,1,1,3,1.98,0,6,0.166666666666667,1
"553",0,553,1,0,1,0,0,1,0,0.880000004666667,0.880000006,1.33333333263153e-09,1,0.96,0,0,5,1.86,1,6,0,1
"554",0,554,1,0,1,0,0,1,0,0.466666676,0.453333337333333,-0.0133333386666666,0.40000001,0.76,0,1,4,1.44,1,4,0.166666666666667,1
"555",0,555,1,1,0,0,0,0,1,0,0.333333344,0.333333344,0,1.22,1,0,1,0.68,0,3,0.333333333333333,1
"556",0,556,1,0,1,0,0,0,1,0.186666668666667,0.133333334,-0.0533333346666667,0.2,1.5,1,0,2,2,0,4,0,1
"557",0,557,1,0,1,0,0,0,1,0.653333344,0.29333334,-0.360000004,0.2,0.66,0,0,2,0.04,0,3,0.5,1
"558",0,558,1,0,1,0,0,0,0,0.946666669333333,0.933333333333333,-0.013333336,1,0.5,1,0,2,2,0,3.6,0.166666666666667,1
"559",0,559,1,1,0,0,0,1,1,0.146666670666667,0.0666666666666667,-0.080000004,0,1.42,1,0,4,1.68,1,4.5,0.333333333333333,1
"560",0,560,1,0,1,0,0,1,1,0.080000002,0.0400000006666667,-0.0400000013333333,0,1.5,1,0,4,0.64,1,5.5,0.166666666666667,1
"561",0,561,1,0,1,0,0,0,1,0.453333342666667,0.493333342,0.0399999993333334,0.2,0.72,1,0,2,0.28,0,5.33333333333333,0,1
"562",0,562,1,0,1,0,0,1,1,0.520000010666667,0.466666678666667,-0.053333332,0,0.6,0,0,1,1.72,1,4.4,0,1
"563",0,563,1,1,0,0,0,1,1,0,0,0,0,1.06,1,0,4,2,1,3.9,0.166666666666667,1
"564",0,564,1,1,0,0,0,1,1,0.280000005333333,0.386666676,0.106666670666667,0.2,1.3,1,0,5,0.64,1,3.7,0.333333333333333,1
"565",0,565,1,0,1,0,0,1,0,0.880000004666667,0.506666675333333,-0.373333329333333,0.60000002,0.76,1,0,5,1.62,1,3.3,0,1
"566",0,566,1,0,1,0,0,0,1,0.053333334,0.053333334,-6.93889390390723e-18,0,1.4,1,0,1,1.52,0,2.1,0.166666666666667,1
"567",0,567,1,1,0,0,0,1,0,0.320000007333333,0.333333341333333,0.013333334,0.40000001,0.5,1,0,3,1.06,1,4,0.166666666666667,1
"568",0,568,1,1,0,0,0,1,0,0.800000005333333,0.640000011333333,-0.159999994,0,0.72,1,0,3,2,1,5.1,0,1
"569",0,569,1,0,1,0,0,0,1,0.746666673333333,0.653333342,-0.0933333313333333,0.60000002,0.9,1,0,3,1.84,0,4.5,0.166666666666667,1
"570",0,570,1,0,1,0,0,1,0,0.773333339333333,0.771428581428571,-0.00190475790476197,0.60000002,0.7,1,0,5,1.96,1,3.6,0,1
"571",0,571,1,1,0,0,0,1,1,0.506666679333333,0.426666678,-0.0800000013333333,0.60000002,0.8,1,1,4,NA,1,5,0,1
"572",0,572,1,1,0,0,0,0,1,0.493333345333333,0.453333344666667,-0.0400000006666667,0.40000001,0.78,1,0,2,1.44,0,4,0,1
"573",0,573,1,1,0,0,0,0,0,0.685714295,0.546666680666667,-0.139047614333333,0.40000001,0.68,0,0,3,0.54,0,5,0,1
"574",0,574,1,1,0,0,0,0,0,0.533333344666667,0.586666683333333,0.0533333386666667,0.60000002,1.3,1,0,2,2,0,5.8,0.166666666666667,1
"575",0,575,1,1,0,0,0,0,1,0.453333343333333,0.706666676666667,0.253333333333333,0.40000001,0.64,1,0,3,1.74,0,4,0.333333333333333,1
"576",0,576,1,1,0,0,0,0,0,0.293333338666667,0.0933333333333333,-0.200000005333333,0,1.28,1,0,3,0.82,0,3,0,1
"577",0,577,1,0,1,0,0,1,1,0.440000009333333,0.386666673333333,-0.053333336,0.2,1.14,1,0,4,1.44,1,3.8,0.166666666666667,1
"578",0,578,1,0,1,0,0,0,1,0.333333338666667,0.453333341333333,0.120000002666667,0,1.34,1,0,4,1.86,0,4,0,1
"579",0,579,1,0,1,0,0,1,1,0.280000007333333,0.200000003333333,-0.080000004,0.2,0.4,1,0,4,0.2,1,4.8,0.833333333333333,1
"580",0,580,1,1,0,0,0,1,0,0.480000005333333,0.400000006,-0.0799999993333333,0.80000001,0.68,1,0,1,1.46,1,5.2,0,1
"581",0,581,1,1,0,0,0,1,1,0.8,0.866666666666667,0.0666666666666667,1,1.18,1,0,5,2,1,5.5,0,1
"582",0,582,1,1,0,0,0,1,1,0.0533333346666667,0.0133333333333333,-0.0400000013333333,0,1.36,1,0,4,0.4,1,4,0.833333333333333,1
"583",0,583,1,0,1,0,0,0,1,0.640000015333333,0.680000016,0.0400000006666666,0.80000001,0.52,0,0,2,1.6,0,5,0,1
"584",0,584,1,0,1,0,0,0,1,0.226666668,0.2,-0.026666668,0.2,1.24,1,0,3,1.62,0,4.5,0.333333333333333,1
"585",0,585,1,1,0,0,0,0,1,0.0666666666666667,0.733333336666667,0.66666667,0,0.64,0,0,2,1.42,0,6.4,0.166666666666667,1
"586",0,586,1,0,1,0,0,1,1,0.200000004666667,0.333333337333333,0.133333332666667,0,1.36,1,0,5,1.8,1,5.8,0,1
"587",0,587,1,0,1,0,0,0,1,0.480000012666667,0.573333344,0.0933333313333334,0.40000001,1.12,1,0,3,0.52,0,3.5,0,1
"588",0,588,1,1,0,0,0,1,1,0.626666672,0.626666673333333,1.33333333263153e-09,0.80000001,1.08,1,0,1,1.6,1,3.8,0,1
"589",0,589,1,0,1,0,0,1,1,0.613333341333333,0.520000008,-0.0933333333333333,0.60000002,0.76,1,0,5,2,1,4.5,0.166666666666667,1
"590",0,590,1,0,1,0,0,0,1,0.586666673333333,0.413333338666667,-0.173333334666667,0.40000001,1.2,1,0,3,1.4,0,4.2,0.166666666666667,1
"591",0,591,1,0,1,0,0,1,1,0.440000004666667,0.426666670666667,-0.013333334,0.80000001,1.12,1,0,3,1.4,1,2.6,0.166666666666667,1
"592",0,592,1,1,0,0,0,0,1,0.146666669333333,0.120000004,-0.0266666653333333,0,0.5,1,1,2,2,0,3.9,0,1
"593",0,593,1,1,0,0,0,1,1,0.746666673333333,0.813333342666667,0.0666666693333333,0.80000001,1.06,1,0,4,1.44,1,4.6,0,1
"594",0,594,1,1,0,0,0,0,1,0.240000004,0.400000007333333,0.160000003333333,0.40000001,1.1,1,0,2,1.22,0,4.2,0,1
"595",0,595,1,0,1,0,0,1,1,0.0666666666666667,0.14666667,0.0800000033333333,0,1.48,1,0,5,1.68,1,3.4,0.333333333333333,1
"596",0,596,1,1,0,0,0,1,1,0.0533333346666667,0.053333334,-6.66666673254657e-10,0,1.06,1,0,5,NA,1,4.4,0,1
"597",0,597,1,0,1,0,0,1,0,0.52000001,0.493333344,-0.026666666,0.80000001,1,1,0,3,NA,1,6,0.166666666666667,1
"598",0,598,1,0,1,0,0,1,0,0.266666671333333,0.226666668,-0.0400000033333333,0.2,1.18,0,0,4,0.58,1,4.2,0.166666666666667,1
"599",0,599,1,1,0,0,0,0,1,0.653333341333333,0.760000007333333,0.106666666,0.40000001,1.3,1,0,3,2,0,4.4,0.166666666666667,1
"600",0,600,1,1,0,0,0,0,1,0.120000004,0.106666668666667,-0.0133333353333333,0,1.44,1,0,1,2,0,5.6,0,1
"601",0,601,1,1,0,0,0,0,1,0.626666678666667,0.666666678,0.0399999993333333,0.60000002,0.56,0,0,1,NA,0,3,0,1
"602",0,602,1,1,0,0,0,1,1,0.666666678,0.346666672666667,-0.320000005333333,0.2,1.2,1,0,4,1.82,1,3.3,0.333333333333333,1
"603",0,603,1,1,0,0,0,0,1,0.213333336666667,0.813333338,0.600000001333333,0.2,1.1,1,0,2,2,0,5.3,0.166666666666667,1
"604",0,604,1,1,0,0,0,1,1,0.0933333353333333,0.573333340666667,0.480000005333333,0,1.18,0,0,4,1.82,1,4.2,0.333333333333333,1
"605",0,605,1,0,1,0,0,0,1,0,0,0,0,1.38,1,0,3,1.92,0,3.5,0,1
"606",0,606,1,1,0,0,0,0,1,0.333333334666667,0.773333336,0.440000001333333,0.80000001,1.22,1,0,1,2,0,5.8,0,1
"607",0,607,1,0,1,0,0,1,1,0,0.0266666673333333,0.0266666673333333,0,1.46,1,0,5,1.4,1,4.7,0.333333333333333,1
"608",0,608,1,1,0,0,0,0,1,0.226666671333333,0.880000002666667,0.653333331333333,0,1.08,1,0,3,2,0,7,0,1
"609",0,609,1,0,1,0,0,0,1,0,0,0,0,1.46,1,0,2,1.78,0,2.5,0.166666666666667,1
"610",0,610,1,1,0,0,0,1,0,0.706666677333333,0.546666678666667,-0.159999998666667,0.60000002,0.54,1,0,3,1.6,1,4.1,0,1
"611",0,611,1,1,0,0,0,0,1,0,0.173333338666667,0.173333338666667,0,1.26,1,0,2,1.46,0,2.2,0,1
"612",0,612,1,0,1,0,0,0,1,0.04,0,-0.04,0,1.32,1,0,1,1.58,0,2.7,0.166666666666667,1
"613",0,613,1,1,0,0,0,1,1,0.600000011333333,0.480000009333333,-0.120000002,0.60000002,1.36,1,0,2,NA,1,4.9,0,1
"614",0,614,1,0,1,0,0,1,1,0.173333338,0.520000010666667,0.346666672666667,0.40000001,1.66,1,0,4,2,1,3.9,0,1
"615",0,615,1,0,1,0,0,0,0,0.493333342666667,0.653333346666667,0.160000004,0.60000002,1.4,1,0,3,1.64,0,5.2,0.166666666666667,1
"616",0,616,1,1,0,0,0,1,0,0.426666675333333,0.600000009333333,0.173333334,0.40000001,1.34,1,0,5,1.44,1,4.8,0,1
"617",0,617,1,0,1,0,0,1,1,0.240000001333333,0.053333334,-0.186666667333333,0,1.5,0,0,5,0.38,1,3.5,0.666666666666667,1
"618",0,618,1,0,1,0,0,0,1,0.200000004666667,0.400000010666667,0.200000006,0.2,0.62,0,0,2,1.64,0,5.2,0.5,1
"619",0,619,1,1,0,0,0,1,1,0.520000007333333,0.72000001,0.200000002666667,0.40000001,1.36,1,1,2,1.42,1,5.4,0,1
"620",0,620,1,1,0,0,0,1,1,0.213333335333333,0.173333336,-0.0399999993333333,0,1.26,1,0,3,0.16,1,3.4,0,1
"621",0,621,1,1,0,0,0,0,1,1,0.957142857857143,-0.0428571421428572,1,1.42,1,0,1,2,0,5.9,0,1
"622",0,622,1,0,1,0,0,0,1,0.053333334,0.0533333333333333,-6.66666666315763e-10,0,1.14,1,0,2,1.6,0,3.5,0.5,1
"623",0,623,1,1,0,0,0,1,0,0.41333334,0.240000004,-0.173333336,0.2,0.68,0,0,3,0.2,1,4.1,0.166666666666667,1
"624",0,624,1,1,0,0,0,1,1,0.800000008666667,0.800000007333333,-1.33333333263153e-09,0.60000002,1.52,0,0,4,1.22,1,4.6,0.333333333333333,1
"625",0,625,1,1,0,0,0,0,0,0.426666678,0.466666678666667,0.0400000006666666,0.40000001,0.52,0,0,2,2,0,4.1,0,1
"626",0,626,1,0,1,0,0,1,1,0.626666678666667,0.680000012,0.0533333333333333,0.40000001,1.62,1,0,4,1.62,1,4.4,0,1
"627",0,627,1,0,1,0,0,0,1,0.800000008666667,0.866666673333333,0.0666666646666667,0.60000002,1.64,1,0,3,1.9,0,4.4,0.5,1
"628",0,628,1,1,0,0,0,1,1,0.0133333333333333,0,-0.0133333333333333,0,1.46,1,0,4,0.42,1,4.1,0,1
"629",0,629,1,1,0,0,0,0,1,0.14666667,0.533333346,0.386666676,0,1.46,1,0,2,1.84,0,4.4,0,1
"630",0,630,1,1,0,0,0,0,1,0.146666668666667,0.320000006,0.173333337333333,0,0.76,0,0,3,1.5,0,3.8,0.5,1
"631",0,631,1,0,1,0,0,0,1,0.614285725714286,0.800000007333333,0.185714281619048,0.60000002,1.14,1,0,3,2,0,4.9,0.166666666666667,1
"632",0,632,1,0,1,0,0,1,1,0.40000001,0.426666678,0.026666668,0.40000001,1.4,1,0,2,1.22,1,4.6,0,1
"633",0,633,1,0,1,0,0,1,1,0.306666672,0.533333343333333,0.226666671333333,0.60000002,1.3,1,0,2,1.94,1,5.6,0,1
"634",0,634,1,0,1,0,0,0,1,0.69333334,0.653333340666667,-0.0399999993333333,1,1.46,0,0,5,2,0,6.4,0,1
"635",0,635,1,1,0,0,0,0,0,0,0,0,0,1.24,1,0,3,1.98,0,4.5,0.166666666666667,1
"636",0,636,1,0,1,0,0,0,1,0.400000009333333,0.293333338666667,-0.106666670666667,0.40000001,1.28,1,1,2,1.62,0,4.6,0.333333333333333,1
"637",0,637,1,1,0,0,0,0,0,1,0.893333334,-0.106666666,1,1.26,0,0,3,2,0,6.4,0,1
"638",0,638,1,0,1,0,0,0,1,0.706666670666667,0.506666668666667,-0.200000002,1,0.6,0,1,3,1.68,0,3.1,0,1
"639",0,639,1,0,1,0,0,0,0,1,0.880000002666667,-0.119999997333333,1,0.86,0,0,3,2,0,5.6,0,1
"640",0,640,1,1,0,0,0,1,0,0.506666672666667,0.640000009333333,0.133333336666667,1,1.08,1,0,3,0.4,1,3.9,0,1
"641",0,641,1,0,1,0,0,1,1,0.706666668666667,0.560000004666667,-0.146666664,0,1.38,0,0,5,2,1,5.8,0,1
"642",0,642,1,1,0,0,0,1,1,0.506666679333333,0.360000008666667,-0.146666670666667,0.40000001,0.82,0,0,5,0.14,1,2.8,0.166666666666667,1
"643",0,643,1,0,1,0,0,1,1,0.773333343333333,0.773333343333333,0,0.60000002,1.36,1,0,3,1.62,1,4.1,0.166666666666667,1
"644",0,644,1,0,1,0,0,0,1,0.65333334,0.506666676666667,-0.146666663333333,0.80000001,0.84,0,0,2,1.66,0,4.2,0.333333333333333,1
"645",0,645,1,0,1,0,0,1,1,0,0,0,0,1.34,1,0,5,1.52,1,3.375,0,1
"646",0,646,1,1,0,0,0,0,1,0.813333342666667,0.773333344666667,-0.039999998,0.80000001,0.72,0,0,3,1.42,0,5.8,0,1
"647",0,647,1,1,0,0,0,0,1,0.453333344,0.586666679333333,0.133333335333333,0.60000002,1.04,1,0,1,NA,0,4.7,0,1
"648",0,648,1,1,0,0,0,1,1,0.893333335333333,0.920000004,0.0266666686666667,0.80000001,0.54,0,0,3,1.98,1,4.4,0,1
"649",0,649,1,1,0,0,0,0,0,0.56000001,0.826666675333333,0.266666665333333,0.80000001,1.42,1,0,2,NA,0,4.3,0.333333333333333,1
"650",0,650,1,1,0,0,0,0,0,0.986666667333333,0.906666671333333,-0.079999996,1,0.4,0,1,3,1.82,0,6.1,0.166666666666667,1
"651",0,651,1,1,0,0,0,0,1,0.386666675333333,0.466666678,0.0800000026666667,0.40000001,0.88,0,0,3,1.2,0,4.3,0,1
"652",0,652,1,0,1,0,0,0,0,0.213333334,0.280000004,0.06666667,0.2,1.36,1,0,4,1.6,0,4.2,0.166666666666667,1
"653",0,653,1,0,1,0,0,0,1,0.106666666666667,0.760000007333333,0.653333340666667,0,1.4,0,0,2,1.76,0,4.8,0.166666666666667,1
"654",0,654,1,1,0,0,0,0,0,0.760000004666667,0.573333342666667,-0.186666662,1,0.9,0,0,3,1.72,0,5.7,0,1
"655",0,655,1,1,0,0,0,1,1,0.0533333333333333,0.093333334,0.0400000006666667,0,1.3,1,0,3,0.78,1,3.9,0.5,1
"656",0,656,1,1,0,0,0,0,1,0.520000010666667,0.640000012666667,0.120000002,0.60000002,0.46,0,0,2,1.52,0,3.8,0,1
"657",0,657,1,1,0,0,0,0,0,0.360000007333333,0.453333342,0.0933333346666667,0.2,1.24,0,0,2,1.84,0,3.4,0.166666666666667,1
"658",0,658,1,1,0,0,0,1,0,0.173333336,0.093333334,-0.080000002,0,0.84,0,0,3,2,1,4.6,0.5,1
"659",0,659,1,0,1,0,0,0,1,0.760000009333333,0.906666671333333,0.146666662,0.80000001,0.92,0,0,3,1.72,0,5,0,1
"660",0,660,1,0,1,0,0,0,1,0,0,0,0,0.72,1,1,3,0.08,0,2.6,0,1
"661",0,661,1,0,1,0,0,0,1,0,0,0,0,1.04,1,1,2,2,0,6.2,0,1
"662",0,662,1,1,0,0,0,0,1,0.933333335333333,0.960000002,0.0266666666666667,1,0.48,0,0,5,1.84,0,3.4,0.166666666666667,1
"663",0,663,1,0,1,0,0,0,1,0.893333338666667,0.893333338666667,0,1,1.18,0,0,3,1.02,0,4.4,0.166666666666667,1
"664",0,664,1,0,1,0,0,1,1,0.733333335333333,0.920000000666667,0.186666665333333,0.80000001,1.4,1,0,5,1.6,1,3.2,0.166666666666667,1
"665",0,665,1,0,1,0,0,0,1,0.33333334,0.546666678,0.213333338,0.40000001,1.5,1,0,1,2,0,5.5,0,1
"666",0,666,1,1,0,0,0,0,1,0.213333336,0.106666668,-0.106666668,0,1.36,0,0,3,0,0,7,0.166666666666667,1
"667",0,667,1,1,0,0,0,0,1,0.400000008666667,0.666666676,0.266666667333333,0.60000002,1.42,1,0,1,2,0,6.5,0,1
"668",0,668,1,1,0,0,0,0,1,0.893333337333333,0.826666674,-0.0666666633333334,0.40000001,0.78,1,0,2,1.84,0,4.3,0.166666666666667,1
"669",0,669,1,1,0,0,0,1,1,0.440000008666667,0.440000012666667,3.99999999789458e-09,0.2,1.18,1,0,4,2,1,3.9,0.166666666666667,1
"670",0,670,1,1,0,0,0,0,1,0.49333334,0.613333341333333,0.120000001333333,0.60000002,1.32,0,0,3,1.96,0,5.7,0.166666666666667,1
"671",0,671,1,1,0,0,0,0,0,0.600000010666667,0.666666679333333,0.0666666686666667,0.80000001,0.74,0,0,4,0.4,0,4.5,0,1
"672",0,672,1,1,0,0,0,0,0,0.773333344666667,0.706666676,-0.0666666686666667,0.60000002,0.72,0,0,5,2,0,5.8,0.166666666666667,1
"673",0,673,1,0,1,0,0,1,1,0.266666670666667,0.44000001,0.173333339333333,0.2,1.54,0,0,4,1.42,1,5.2,0.166666666666667,1
"674",0,674,1,1,0,0,0,1,1,0.0400000006666667,0.0800000013333333,0.0400000006666667,0,1.2,0,0,4,0,1,4.8,0.5,1
"675",0,675,1,0,1,0,0,0,1,0.520000009333333,0.546666676,0.0266666666666666,0.40000001,1.36,0,0,2,1.24,0,3.5,0.333333333333333,1
"676",0,676,1,1,0,0,0,1,0,0.706666676,0.693333343333333,-0.0133333326666667,0.40000001,1.52,0,0,4,1.44,1,5.5,0.166666666666667,1
"677",0,677,1,1,0,0,0,0,1,0.306666675333333,0.600000006666667,0.293333331333333,0.60000002,1.04,0,0,1,1.84,0,6.8,0,1
"678",0,678,1,1,0,0,0,1,1,0.640000012666667,0.573333343333333,-0.0666666693333333,0.60000002,1.4,0,0,3,1.22,1,4.7,0,1
"679",0,679,1,1,0,0,0,1,1,0.160000004,0.41333334,0.253333336,0,1.3,0,0,3,1.62,1,4.1,0,1
"680",0,680,1,1,0,0,0,0,1,0.493333342,0.813333341333333,0.319999999333333,0.60000002,1.24,0,0,2,1.42,0,4.4,0.166666666666667,1
"681",0,681,1,1,0,0,0,0,1,0.333333334,0.360000005333333,0.0266666713333333,0,1.06,0,0,3,2,0,6.4,0,1
"682",0,682,1,1,0,0,0,0,1,0.306666670666667,0.773333340666667,0.46666667,0.80000001,1.42,0,0,3,1.88,0,5.2,0,1
"683",0,683,1,0,1,0,0,1,1,0.440000006666667,0.680000008,0.240000001333333,0.60000002,1.16,0,0,4,1.62,1,3,0.166666666666667,1
"684",0,684,1,1,0,0,0,0,1,0.733333334666667,0.573333337333333,-0.159999997333333,0.80000001,1.34,0,0,3,2,0,6.1,0,1
"685",0,685,1,0,1,0,0,1,0,0.653333338,0.400000009333333,-0.253333328666667,1,1.34,0,0,4,0.6,1,6.25,0,1
"686",0,686,1,1,0,0,0,0,1,0.45333334,0.680000008666667,0.226666668666667,0.80000001,1.22,0,0,2,1.82,0,3.5,0.333333333333333,1
"687",0,687,1,0,1,0,0,0,0,0.960000002,0.880000006,-0.0799999960000001,0.80000001,1.44,0,0,3,2,0,6.8,0.166666666666667,1
"688",0,688,1,1,0,0,0,1,1,0.2,0.2,0,0.2,1.18,0,0,4,0.1,1,4,0,1
"689",0,689,1,1,0,0,0,0,1,0.0400000013333333,0.360000004666667,0.320000003333333,0,1.4,0,0,3,2,0,4.6,0.5,1
"690",0,690,1,0,1,0,0,1,1,0.866666666666667,0.933333333333333,0.0666666666666667,1,1.06,0,1,5,2,1,5.2,0.166666666666667,1
"691",1,691,16,0,1,0,1,1,1,0.742857146428571,0.840000008,0.0971428615714286,0.60000002,1.38,0,1,5,1.62,1,4,0.5,1
"692",0,692,1,0,1,0,0,0,0,0.586666667333333,0.853333334,0.266666666666667,1,1.08,0,1,1,2,0,7,0,1
"693",0,693,1,1,0,0,0,0,1,0.226666671333333,0.280000001333333,0.05333333,0,0.94,0,0,2,1.42,0,4.3,0.166666666666667,1
"694",0,694,1,1,0,0,0,0,1,0.0533333333333333,0.160000002666667,0.106666669333333,0.2,1.36,0,0,1,1.64,0,4.7,0.333333333333333,1
"695",0,695,1,1,0,0,0,1,0,0.373333342666667,0.280000006666667,-0.093333336,0.40000001,1.46,0,0,4,0.34,1,5.1,0.166666666666667,1
"696",0,696,1,1,0,0,0,0,1,0,0.226666671333333,0.226666671333333,0,1.3,0,0,1,1.98,0,6.5,0.166666666666667,1
"697",0,697,1,1,0,0,0,0,1,0.720000009333333,0.880000004666667,0.159999995333333,0.60000002,1.42,0,0,2,1.8,0,5.5,0.333333333333333,1
"698",0,698,1,0,1,0,0,1,1,0.746666679333333,0.693333343333333,-0.053333336,0.80000001,0.58,1,1,3,1.4,1,5.1,0,1
"699",0,699,1,0,1,0,0,0,1,0,0.0133333333333333,0.0133333333333333,0,1.36,0,0,3,1.44,0,2.7,0.5,1
"700",0,700,1,1,0,0,0,1,1,0.693333338666667,0.613333342666667,-0.0799999960000001,1,0.88,0,0,5,2,1,4,0.166666666666667,1
"701",0,701,1,0,1,0,0,1,1,0.200000003333333,0.40000001,0.200000006666667,0,1.48,0,0,5,0.4,1,2.3,0.333333333333333,1
"702",0,702,1,0,1,0,0,0,1,0.866666666666667,0.933333333333333,0.0666666666666667,1,1.24,1,0,3,2,0,4.8,0.166666666666667,1
"703",0,703,1,0,1,0,0,1,1,0.573333342666667,0.466666675333333,-0.106666667333333,0.40000001,1.66,0,0,3,1.66,1,4.5,0.333333333333333,1
"704",0,704,1,0,1,0,0,0,0,0.600000007333333,0.493333340666667,-0.106666666666667,0.80000001,0.6,0,0,4,0.48,0,4.6,0,1
"705",0,705,1,1,0,0,0,0,1,0.120000001333333,0.600000006,0.480000004666667,0,0.52,0,0,1,1.6,0,4.6,0.833333333333333,1
"706",0,706,1,0,1,0,0,1,1,0.600000013333333,0.640000014,0.0400000006666666,0.60000002,0.58,0,0,3,1.2,1,4.6,0,1
"707",0,707,1,1,0,0,0,1,0,0.866666673333333,0.80000001,-0.0666666633333334,0.60000002,0.98,0,0,4,1.84,1,4.6,0.166666666666667,1
"708",0,708,1,1,0,0,0,1,0,0.360000008666667,0.373333342,0.0133333333333333,0.40000001,0.4,0,0,3,NA,1,3.8,0,1
"709",0,709,1,1,0,0,0,0,1,0.506666672666667,0.573333344,0.0666666713333334,0.2,1.24,0,0,3,1.62,0,5.3,0.333333333333333,1
"710",0,710,1,1,0,0,0,0,1,0.573333346666667,0.573333346666667,0,0.2,1.28,0,0,3,1.42,0,3.9,0.166666666666667,1
"711",0,711,1,0,1,0,0,0,1,0.280000008,0.413333344666667,0.133333336666667,0,1.28,0,0,3,1.84,0,4,0.333333333333333,1
"712",0,712,1,1,0,0,0,1,1,0.373333336666667,0.360000002,-0.0133333346666667,0.40000001,1.28,0,0,3,0,1,5,0.166666666666667,1
"713",0,713,1,0,1,0,0,0,0,0,0,0,0,1.22,0,0,3,1.98,0,4,0.166666666666667,1
"714",0,714,1,1,0,0,0,0,1,0.466666672,0.666666674666667,0.200000002666667,0,1.28,0,0,2,2,0,3.5,0.833333333333333,1
"715",0,715,1,1,0,0,0,1,1,0.280000002666667,0.360000005333333,0.0800000026666666,0,1.26,0,0,4,1.7,1,3.5,0.333333333333333,1
"716",0,716,1,0,1,0,0,1,1,0.893333338666667,0.906666671333333,0.0133333326666667,0.80000001,0.68,0,0,1,1.8,1,5.8,0,1
"717",0,717,1,0,1,0,0,1,1,0.333333339333333,0.466666675333333,0.133333336,0.2,1.14,1,0,4,1.92,1,3.4,0.166666666666667,1
"718",0,718,1,1,0,0,0,1,0,0.37142858,0.400000007857143,0.0285714278571428,0.2,0.8,1,0,1,1.26,1,3.9,0,1
"719",0,719,1,1,0,0,0,0,1,0.133333335333333,0.493333342666667,0.360000007333333,0.2,0.56,1,0,3,1.72,0,3.7,0.166666666666667,1
"720",0,720,1,1,0,0,0,0,1,0.306666673333333,0.320000006,0.0133333326666666,0.2,0.36,1,0,3,0.38,0,4.8,0,1
"721",0,721,1,1,0,0,0,1,0,0.146666669333333,0.320000008,0.173333338666667,0,1.22,0,0,5,1.8,1,5.6,0.166666666666667,1
"722",0,722,1,1,0,0,0,1,0,0.586666686,0.60000002,0.013333334,0.60000002,0.56,0,0,3,1.04,1,3.6,0.166666666666667,1
"723",0,723,1,0,1,0,0,1,1,0.533333338666667,0.853333338,0.319999999333333,1,1.4,1,0,3,2,1,5.3,0,1
"724",0,724,1,0,1,0,0,0,1,0.0666666686666667,0.240000000666667,0.173333332,0,1.38,1,0,3,2,0,2.2,0,1
"725",0,725,1,0,1,0,0,0,1,0.453333344,0.466666675333333,0.0133333313333334,0.60000002,1.38,1,0,1,NA,0,4,0,1
"726",0,726,1,1,0,0,0,0,0,0.226666671333333,0.506666676666667,0.280000005333333,0,0.4,0,0,3,0.44,0,5.1,0.166666666666667,1
"727",0,727,1,0,1,0,0,0,1,0.413333342,0.440000009333333,0.0266666673333333,0.40000001,0.7,0,1,1,1,0,4.1,0,1
"728",0,728,1,1,0,0,0,0,1,0.453333337333333,0.720000006666667,0.266666669333333,0.80000001,0.52,0,0,3,1.64,0,4.9,0.166666666666667,1
"729",0,729,1,1,0,0,0,0,1,0.133333334666667,0.240000002666667,0.106666668,0.2,0.56,0,0,3,0.38,0,4,0.333333333333333,1
"730",0,730,1,0,1,0,0,0,1,0.0266666666666667,0,-0.0266666666666667,0,0.56,0,0,3,1.06,0,5.4,0,1
"731",0,731,1,0,1,0,0,1,1,1,0.960000002,-0.039999998,1,0.36,0,0,3,0.86,1,5.7,0.166666666666667,1
"732",0,732,1,1,0,0,0,0,1,0.333333340666667,0.333333340666667,0,0.40000001,0.44,0,0,3,0.18,0,5.4,0,1
"733",0,733,1,0,1,0,0,0,1,0.0533333346666667,0,-0.0533333346666667,0,1.14,0,0,3,2,0,3.7,0.5,1
"734",0,734,1,0,1,0,0,1,1,0.226666671333333,0.0800000013333333,-0.14666667,0,1,0,0,3,0.6,1,3.7,0.5,1
"735",0,735,1,1,0,0,0,0,1,0.733333345333333,0.693333347333333,-0.039999998,0.60000002,0.44,0,0,3,1.46,0,4,0.5,1
"736",0,736,1,1,0,0,0,1,1,0.746666676666667,0.773333344666667,0.0266666680000001,0.60000002,0.42,0,0,3,1,1,5.7,0,1
"737",0,737,1,0,1,0,0,0,1,0.240000002666667,0.200000002,-0.0400000006666666,0.2,0.6,0,0,2,0.4,0,5.1,0,1
"738",0,738,1,1,0,0,0,1,1,0.106666668,0.226666673333333,0.120000005333333,0,1.46,0,0,5,0.7,1,5.1,0.5,1
"739",0,739,1,1,0,0,0,1,1,0.346666671333333,0.760000005333333,0.413333334,0.80000001,0.58,0,0,5,1.84,1,6.2,0,1
"740",0,740,1,1,0,0,0,0,1,0.813333342666667,0.746666679333333,-0.0666666633333334,0.80000001,1.2,0,0,2,1.42,0,4.2,0.333333333333333,1
"741",0,741,1,0,1,0,0,0,0,0.560000009333333,0.426666676,-0.133333333333333,0.40000001,0.56,1,0,3,1.8,0,6.8,0.166666666666667,1
"742",0,742,1,1,0,0,0,0,1,0.586666675333333,0.586666680666667,5.3333333305261e-09,0.40000001,0.78,0,0,2,1.84,0,6,0,1
"743",0,743,1,0,1,0,0,0,1,0.306666672,0.266666670666667,-0.0400000013333334,0.40000001,0.72,1,0,3,1.76,0,4,0,1
"744",0,744,1,1,0,0,0,1,1,0.773333342,0.546666676,-0.226666666,0.60000002,0.62,1,1,3,1.44,1,3.8,0,1
"745",0,745,1,0,1,0,0,1,1,0.866666673333333,0.813333342666667,-0.0533333306666667,0.80000001,0.74,1,0,5,1.6,1,5.3,0,1
"746",0,746,1,0,1,0,0,0,0,0.733333336666667,0.733333340666667,3.99999999789458e-09,0.80000001,0.56,1,0,3,0.5,0,5,0.166666666666667,1
"747",0,747,1,0,1,0,0,1,1,0.453333338666667,0.533333344666667,0.0800000060000001,1,0.5,1,1,1,1.24,1,2.3,0.5,1
"748",0,748,1,0,1,0,0,1,1,0.520000012666667,0.546666676,0.0266666633333333,0.80000001,0.68,1,0,3,1.42,1,4.5,0.333333333333333,1
"749",0,749,1,1,0,0,0,1,1,0.4,0.266666666666667,-0.133333333333333,1,1.04,1,0,4,0.94,1,3,0.166666666666667,1
"750",0,750,1,1,0,0,0,0,0,0.960000002,0.933333335333333,-0.0266666666666667,1,0.96,1,1,4,2,0,6.4,0,1
"751",0,751,1,1,0,0,0,0,1,0.706666676,0.746666679333333,0.0400000033333333,0.80000001,0.66,1,0,1,1.52,0,5.7,0,1
"752",0,752,1,0,1,0,0,0,0,0.693333344666667,0.800000005333333,0.106666660666667,1,0.64,1,0,3,0,0,4.7,0,1
"753",0,753,1,1,0,0,0,0,0,0.56,0.800000001333333,0.240000001333333,1,1.26,1,0,3,1.98,0,6.3,0,1
"754",0,754,1,0,1,0,0,0,1,0.426666673333333,0.74666667,0.319999996666667,1,0.6,1,0,2,1.7,0,5.6,0,1
"755",0,755,1,1,0,0,0,0,0,0.400000008,0.506666676666667,0.106666668666667,0.40000001,0.56,0,0,2,2,0,6.2,0.166666666666667,1
"756",0,756,1,1,0,0,0,0,1,0.880000004666667,0.973333334666667,0.0933333300000001,0.60000002,0.78,1,0,3,1.6,0,6,0,1
"757",0,757,1,1,0,0,0,1,1,1,0.986666667333333,-0.0133333326666667,1,0.82,1,0,3,2,1,5,0.166666666666667,1
"758",0,758,1,1,0,0,0,0,1,0.546666678666667,0.533333342,-0.0133333366666666,0.60000002,0.8,1,0,2,1.4,0,6,0.166666666666667,1
"759",0,759,1,0,1,0,0,1,1,0.360000004,0.146666669333333,-0.213333334666667,0,1.04,1,0,4,1.6,1,4,0.166666666666667,1
"760",0,760,1,1,0,0,0,1,1,0.920000001333333,0.960000002,0.0400000006666666,1,0.9,1,0,3,2,1,6,0,1
"761",0,761,1,1,0,0,0,1,0,0,0,0,0,1.08,1,0,3,1.34,1,4.3,0.333333333333333,1
"762",0,762,1,0,1,0,0,1,1,0.453333337333333,0.480000004666667,0.0266666673333333,0,0.84,1,0,5,0.24,1,4.4,0,1
"763",0,763,1,1,0,0,0,1,1,0.360000008,0.360000008666667,6.66666666315763e-10,0.2,0.58,1,0,3,1.36,1,4.6,0,1
"764",0,764,1,1,0,0,0,0,0,0.586666675333333,0.826666672,0.239999996666667,0.60000002,1.12,1,0,1,2,0,6.1,0.166666666666667,1
"765",0,765,1,0,1,0,0,0,0,0.253333336,0.426666676666667,0.173333340666667,0.2,0.82,1,0,2,1.7,0,5.8,0,1
"766",0,766,1,1,0,0,0,0,0,0.226666672,0.160000004,-0.066666668,0.2,1.18,1,0,5,2,0,5.6,0,1
"767",0,767,1,0,1,0,0,1,0,0.666666676,0.493333347333333,-0.173333328666667,0.80000001,0.78,1,0,3,1.96,1,5.5,0,1
"768",0,768,1,1,0,0,0,0,0,0.480000014666667,0.480000013333333,-1.33333333263153e-09,0.60000002,0.92,0,0,2,1.64,0,4.44444444444444,0,1
"769",0,769,1,0,1,0,0,1,0,0.706666676,0.560000012666667,-0.146666663333333,1,0.62,0,0,4,1.08,1,5,0,1
"770",0,770,1,1,0,0,0,0,1,0.320000009333333,0.573333344666667,0.253333335333333,0,1.28,1,0,3,1.84,0,3.8,0,1
"771",0,771,1,1,0,0,0,1,1,0.560000006,0.653333343333333,0.0933333373333334,0,1.2,1,0,4,1.8,1,2,0.5,1
"772",0,772,1,1,0,0,0,0,1,0.560000004666667,0.746666672,0.186666667333333,0.80000001,0.86,1,0,1,NA,0,6.4,0,1
"773",0,773,1,0,1,0,0,1,1,0.346666674666667,0.133333337333333,-0.213333337333333,0.2,1.12,0,0,3,0,1,4.2,0.166666666666667,1
"774",0,774,1,0,1,0,0,0,1,0,0.0266666666666667,0.0266666666666667,0,0.66,1,0,3,0,0,3.1,0,1
"775",0,775,1,0,1,0,0,0,1,0.906666671333333,0.880000006,-0.0266666653333334,1,0.66,1,0,3,1.88,0,6.4,0.2,1
"776",0,776,1,0,1,0,0,1,1,0.653333339333333,0.706666673333333,0.053333334,0.60000002,1.58,1,0,4,1.84,1,6,0.333333333333333,1
"777",0,777,1,0,1,0,0,0,1,0.346666673333333,0.760000002,0.413333328666667,0.60000002,0.96,1,0,3,1.74,0,6.4,0,1
"778",0,778,1,0,1,0,0,1,0,0.106666669333333,0.506666676,0.400000006666667,0.40000001,0.96,1,0,3,0.4,1,5.8,0,1
"779",0,779,1,1,0,0,0,0,1,0.62666668,0.506666679333333,-0.120000000666667,0.40000001,0.7,1,0,2,1.9,0,4.5,0.333333333333333,1
"780",0,780,1,0,1,0,0,0,1,0.506666679333333,0.573333348,0.0666666686666667,0.40000001,1.06,1,0,4,1.5,0,4.7,0,1
"781",0,781,1,1,0,0,0,0,1,0.88,1,0.12,1,1.16,1,0,2,2,0,7,0,1
"782",0,782,1,0,1,0,0,1,1,0.866666672,0.813333338,-0.0533333340000001,0.80000001,0.5,1,0,3,0.14,1,4.2,0.333333333333333,1
"783",0,783,1,1,0,0,0,0,1,0.306666672666667,0.226666669333333,-0.0800000033333333,0.2,0.5,1,0,3,2,0,4.5,0,1
"784",0,784,1,0,1,0,0,1,1,0.2,0.0666666666666667,-0.133333333333333,0,0.56,1,0,3,2,1,6.4,0,1
"785",0,785,1,1,0,0,0,1,0,0.693333346,0.493333343333333,-0.200000002666667,0.60000002,1.06,1,0,4,1.18,1,4.1,0,1
"786",0,786,1,0,1,0,0,0,1,0.453333337333333,0.72000001,0.266666672666667,1,1.14,1,1,2,1.34,0,4.2,0.333333333333333,1
"787",0,787,1,1,0,0,0,1,1,1,1,0,1,1.04,0,0,1,2,1,5.4,0,1
"788",0,788,1,0,1,0,0,1,1,0.120000001333333,0.053333334,-0.0666666673333333,0,1.14,1,0,5,0.22,1,5.6,0,1
"789",0,789,1,1,0,0,0,1,1,0.440000012666667,0.480000014,0.0400000013333333,0.40000001,0.74,0,0,3,1.02,1,3.3,0.333333333333333,1
"790",0,790,1,0,1,0,0,1,1,0,0,0,0,1.5,1,0,5,0.38,1,3.8,0.333333333333333,1
"791",0,791,1,1,0,0,0,1,1,0.293333339333333,0.200000005333333,-0.093333334,0.40000001,0.4,1,0,3,0.8,1,3.9,0.333333333333333,1
"792",0,792,1,0,1,0,0,0,1,0.213333335333333,0.053333334,-0.160000001333333,0,1.1,1,0,1,1.34,0,3.7,0,1
"793",0,793,1,0,1,0,0,0,1,0.386666676,0.40000001,0.013333334,0.40000001,1.28,1,1,3,0.8,0,5.6,0.166666666666667,1
"794",0,794,1,0,1,0,0,1,0,0.893333338666667,0.960000002,0.0666666633333334,1,0.82,0,0,4,1.9,1,5.9,0,1
"795",0,795,1,1,0,0,0,1,1,0.760000008,0.813333341333333,0.0533333333333333,0.60000002,0.42,0,0,4,1.76,1,4.2,0.166666666666667,1
"796",0,796,1,0,1,0,0,0,1,0.706666681333333,0.626666684,-0.0799999973333334,0.80000001,0.7,1,1,3,1.4,0,4.7,0,1
"797",0,797,1,0,1,0,0,0,1,1,0.933333333333333,-0.0666666666666667,1,0.8,0,0,3,1.94,0,6.1,0.166666666666667,1
"798",0,798,1,1,0,0,0,0,1,0.666666672,0.680000004,0.0133333320000001,1,0.5,0,0,2,0,0,2.7,0,1
"799",0,799,1,0,1,0,0,0,1,0.880000006,0.853333340666667,-0.0266666653333333,0.80000001,0.44,1,0,1,1.8,0,5.3,0,1
"800",0,800,1,1,0,0,0,0,0,0.533333346666667,0.626666677333333,0.0933333306666667,0.2,0.36,1,0,3,1.38,0,4.5,0,1
"801",0,802,1,0,1,0,0,0,1,0.666666679333333,0.480000014,-0.186666665333333,0.40000001,1.1,1,0,3,1.62,0,5.7,0.166666666666667,1
"802",0,803,1,0,1,0,0,1,1,0.826666674,0.786666677333333,-0.0399999966666666,0.80000001,0.62,0,0,4,2,1,6.3,0.333333333333333,1
"803",0,804,1,0,1,0,0,1,1,0.133333336666667,0.400000006,0.266666669333333,0,1.42,1,0,5,1.84,1,3.5,0.166666666666667,1
"804",0,805,1,0,1,0,0,1,1,0.0266666666666667,0.120000001333333,0.0933333346666667,0,0.7,1,0,2,0.7,1,3.1,0.666666666666667,1
"805",0,806,1,0,1,0,0,0,1,0.0266666673333333,0.426666672666667,0.400000005333333,0.40000001,1.44,1,0,4,1.84,0,4.5,0,1
"806",0,807,1,0,1,0,0,0,1,0.520000013333333,0.506666682,-0.0133333313333334,0.40000001,0.9,1,0,2,1.44,0,5,0.166666666666667,1
"807",0,808,1,1,0,0,0,0,1,0.0400000013333333,0.0266666673333333,-0.013333334,0,1.26,1,0,2,1.62,0,4.5,0,1
"808",0,809,1,0,1,0,0,1,1,0.40000001,0.40000001,0,0.40000001,0.9,1,0,3,1.04,1,3.1,0.333333333333333,1
"809",0,810,1,0,1,0,0,1,1,0.933333335333333,0.986666667333333,0.053333332,1,0.88,1,0,5,2,1,6.5,0,1
"810",0,811,1,1,0,0,0,1,1,1,1,0,1,1.06,0,0,3,2,1,5.4,0,1
"811",0,812,1,1,0,0,0,1,0,0.480000002666667,0.306666672666667,-0.17333333,0,0.76,1,0,1,1.64,1,3.5,0.166666666666667,1
"812",0,813,1,1,0,0,0,1,1,0.480000007333333,0.48000001,2.66666666526305e-09,0.60000002,1.14,1,0,3,1.5,1,4.4,0,1
"813",0,814,1,1,0,0,0,0,0,0.946666668,0.880000006,-0.066666662,1,0.8,0,0,1,1.4,0,4.2,0.333333333333333,1
"814",0,815,1,1,0,0,0,1,1,0.346666672,0.240000002666667,-0.106666669333333,0,0.56,0,1,3,0.02,1,5.4,0.166666666666667,1
"815",0,816,1,1,0,0,0,1,1,0.866666669333333,0.90666667,0.0400000006666666,1,1.42,1,0,5,2,1,6.6,0.333333333333333,1
"816",0,817,1,1,0,0,0,1,0,0.50666668,0.666666682,0.160000002,0,1.44,0,0,4,NA,1,5.1,0,1
"817",0,818,1,0,1,0,0,0,1,0.733333336666667,0.733333335333333,-1.33333333263153e-09,1,0.74,0,0,2,2,0,6.1,0.333333333333333,1
"818",0,819,1,1,0,0,0,0,1,0.226666668666667,0.346666669333333,0.120000000666667,0.80000001,1,1,0,1,1.82,0,3.4,0.5,1
"819",0,820,1,1,0,0,0,0,1,0.506666676,0.58666668,0.080000004,0.80000001,1.3,0,0,3,0.58,0,4.7,0,1
"820",0,821,1,0,1,0,0,0,1,0.533333340666667,0.426666672666667,-0.106666668,0.80000001,0.8,0,0,1,2,0,4.9,0,1
"821",0,822,1,1,0,0,0,0,1,0.0666666666666667,0.053333334,-0.0133333326666667,0,1.2,0,0,2,1.4,0,3.9,0,1
"822",0,823,1,0,1,0,0,1,1,0.360000004666667,0.320000007333333,-0.0399999973333333,0.60000002,1.24,0,0,5,1.92,1,6.1,0,1
"823",0,824,1,0,1,0,0,0,0,0.306666672666667,0.786666671333333,0.479999998666667,0.60000002,0.76,0,0,2,1.34,0,5,0.166666666666667,1
"824",0,825,1,1,0,0,0,0,1,0.453333346,0.453333344666667,-1.33333327712037e-09,0.40000001,0.5,0,0,2,1.2,0,4.6,0.166666666666667,1
"825",0,826,1,0,1,0,0,0,1,0.373333339333333,0.480000007333333,0.106666668,0.60000002,0.82,0,0,3,0.94,0,3.9,0,1
"826",0,827,1,1,0,0,0,1,1,0.200000003333333,0.200000005333333,1.99999999894729e-09,0,1.26,0,0,3,1.2,1,6.4,0.166666666666667,1
"827",0,828,1,1,0,0,0,0,0,0.773333340666667,0.906666671333333,0.133333330666667,0.60000002,0.46,0,0,1,1.9,0,6.8,0,1
"828",0,829,1,1,0,0,0,0,0,0.240000002666667,0.69333334,0.453333337333333,0.2,0.48,0,0,2,NA,0,4.1,0.166666666666667,1
"829",0,830,1,0,1,0,0,1,0,0.733333345333333,0.653333346666667,-0.0799999986666666,0.60000002,1.32,0,0,4,1.82,1,4.6,0.166666666666667,1
"830",0,831,1,1,0,0,0,1,1,0.080000002,0,-0.080000002,0,1.18,0,0,3,0.36,1,4.8,0,1
"831",0,832,1,1,0,0,0,1,1,0.893333337333333,0.706666678666667,-0.186666658666667,0.80000001,1.3,0,0,4,1.4,1,4,0.166666666666667,1
"832",0,833,1,0,1,0,0,1,0,0.900000005,0.933333336666667,0.0333333316666666,1,0.42,1,0,2,2,1,6,0,1
"833",0,834,1,1,0,0,0,1,1,0.426666675333333,0.64000001,0.213333334666667,0.60000002,0.68,0,0,4,0.7,1,4.5,0,1
"834",0,835,1,0,1,0,0,0,1,1,1,0,1,1.48,0,0,1,1.92,0,5,0.166666666666667,1
"835",0,836,1,1,0,0,0,1,1,1,1,0,1,0.64,0,0,5,2,1,7,0,1
"836",0,837,1,0,1,0,0,1,1,0.640000012666667,0.613333347333333,-0.0266666653333333,0.2,0.86,0,0,3,1.56,1,3.8,0.166666666666667,1
"837",0,838,1,1,0,0,0,1,1,0.280000004666667,0.560000015333333,0.280000010666667,0.2,1.12,1,0,3,1.42,1,3.3,0,1
"838",0,839,1,0,1,0,0,0,1,0.80000001,0.746666679333333,-0.0533333306666667,0.80000001,0.42,0,0,3,1.36,0,4.3,0,1
"839",0,840,1,1,0,0,0,1,0,0.133333334,0.653333338,0.520000004,0.2,1.48,0,0,3,1.88,1,4.2,0.5,1
"840",0,841,1,0,1,0,0,0,0,0.800000006,0.786666674666667,-0.0133333313333334,1,0.78,0,0,3,1.82,0,4.4,0,1
"841",0,842,1,1,0,0,0,0,1,0.840000008,0.813333342666667,-0.0266666653333333,0.80000001,0.4,0,0,2,1.54,0,5.4,0.166666666666667,1
"842",0,843,1,0,1,0,0,0,1,0.173333336,0.653333344,0.480000008,0.2,0.5,0,0,1,1.6,0,3.8,0.333333333333333,1
"843",0,844,1,0,1,0,0,1,1,0.733333338,0.586666674666667,-0.146666663333333,0,0.66,0,0,5,0,1,4.4,0,1
"844",0,845,1,1,0,0,0,0,1,0.160000003333333,0.693333338,0.533333334666667,0.60000002,1.42,0,0,1,1.82,0,5.3,0.333333333333333,1
"845",0,846,1,0,1,0,0,0,1,0.733333345333333,0.786666677333333,0.053333332,1,0.7,0,0,3,1.74,0,5.7,0,1
"846",0,847,1,0,1,0,0,0,0,0.760000009333333,0.785714292142857,0.0257142828095238,0.80000001,0.4,0,0,3,NA,0,5.8,0.166666666666667,1
"847",0,848,1,1,0,0,0,1,1,0.893333338666667,0.840000006666667,-0.053333332,0.80000001,0.52,0,0,4,1.84,1,5.6,0,1
"848",0,849,1,1,0,0,0,0,0,0.64000001,0.720000010666667,0.0800000006666667,0.80000001,0.56,0,1,2,0.3,0,4.8,0.166666666666667,1
"849",0,850,1,1,0,0,0,0,0,0.573333341333333,0.493333344666667,-0.0799999966666667,0.60000002,0.62,0,0,3,1.58,0,4.1,0.166666666666667,1
"850",0,851,1,0,1,0,0,1,1,0.413333342,0.613333345333333,0.200000003333333,0.60000002,1.26,0,0,5,2,1,6,0.5,1
"851",0,852,1,0,1,0,0,1,1,0.346666672666667,0.546666674666667,0.200000002,0.60000002,1.14,0,0,3,1.46,1,4,0,1
"852",0,853,1,1,0,0,0,1,1,0.106666666666667,0.0533333333333333,-0.0533333333333333,0,1.02,0,0,5,0.5,1,4.2,0.333333333333333,1
"853",0,854,1,0,1,0,0,1,0,0.333333335333333,0.0800000013333333,-0.253333334,0,0.94,0,0,5,0.38,1,2.8,0.166666666666667,1
"854",0,855,1,0,1,0,0,0,1,0.773333338666667,0.840000006666667,0.066666668,0.80000001,1.14,1,1,3,2,0,4.3,0.2,1
"855",0,856,1,0,1,0,0,0,1,0.81333334,0.653333345333333,-0.159999994666667,0.80000001,1.02,1,0,3,1.78,0,5.5,0.4,1
